:020000040800F2
:1000000000900020ED5101086532010869320108B5
:1000100000000000000000000000000000000000E0
:10002000000000000000000000000000C5EF000814
:10003000000000000000000091F00008D5F000086A
:100040003D5201083D5201083D5201083D52010850
:100050003D5201083D5201083D5201083D52010840
:10006000793201088132010891320108A932010870
:10007000C1320108D13201083D520108E1320108C4
:100080003D5201083D520108E53201083D52010888
:100090003D5201083D5201083D520108013301085B
:1000A0003D5201083D5201083D520108213301082B
:0C00B0003D5201083D5201083D5201087C
:1000C00010B5064C2378002B07D1054B002B02D02E
:1000D000044800E000BF0123237010BD98020020F7
:1000E000000000002C770108044B10B5002B03D052
:1000F0000349044800E000BF10BDC04600000000F6
:100100009C0200202C770108F8B507000C001500B0
:100110001E00012830D80C2015F0E6F802003F48F8
:10012000B90041184A60002A01D10320F2BD0096AF
:100130000023002648C213600278521C02704868EF
:1001400000990160037184603548826801238360EF
:1001500081680129FCD02900324D05600568324EC6
:10016000356082608268134383606368009A380058
:100170000DF01AFF0020F2BD0120F2BD022804D2CA
:10018000264A80001018406801717047F0B585B0AC
:100190000024234D214F33E0A600022002A98851FC
:1001A000381D8019049000680079012826D101AA21
:1001B000694620000DF05AFF02A988516846007870
:1001C00000281BD06846007801280ED1A8680121BC
:1001D000A960AA68012AFCD0124A2A60124A2B6838
:1001E0001360A860A8680143A960019A6846017875
:1001F0002000049B1B689B681B689847641CE4B242
:1002000038788442C8DB012801D1029804E00398C1
:100210000299884200D3084605B0F0BDB402002020
:1002200000300240C2A507F4D002002010B504003F
:100230000EF096FB20000EF095FB10BD10B50400EB
:100240000EF0F8FB20000EF03BFB10BD80B50DF06A
:10025000F5FE01BD80B50DF007FF002800D0042099
:1002600002BD182070470000F1B584B00F001500E2
:100270001E006846047C012C33D8E920800015F06C
:1002800033F859496A46127C92008850002801D1FF
:10029000162043E000963E000700E921890014F093
:1002A000E9FF3E607D6001253869A8432C40044386
:1002B0003C610098B8603868016802914B49791830
:1002C000019139003A310091406883082B409F200A
:1002D00040003A1846496846007C06F08DFA00282E
:1002E00001D002201AE07868016803233A68526856
:1002F0009208154006D008220A4302607068034045
:10030000012205E008229143016070680340002249
:1003100011466846007C06F0C1FA002005B0F0BD29
:10032000344AD060117070473349884201D10120AE
:1003300070470020704710B506F0AEFA0400FFF7D2
:1003400090FF2018E921C900401810BD81B029494B
:10035000800008184068E1218900401827494A08B0
:100360000388134202D003885B180380438813423A
:1003700002D043885B1843808388134202D083886D
:100380005B188380C388134202D0C3885B18C38084
:100390000389134202D003895B1803814389134206
:1003A00002D04289511841810169491C016101B0A3
:1003B000704738B50C000C4982008D58002104F0BC
:1003C000E4FF68680168012C04D1802252010A43CD
:1003D000026006E00A4A0A4002600020E02189002B
:1003E0006854002032BD0000C40200204E0300000B
:1003F00070780108C002002000002530FFFF0000D7
:10040000FFEFFFFFF1B58AB0BF480AA9097889005C
:10041000445800200890E1208000201804900169D1
:10042000028880890905090D89180205520F89186B
:10043000C006C00E081880B20790200004F0DDFA54
:1004400069460873012760680068000B384003D0D4
:100450006846007B032801D1012053E10226DF20FA
:100460008000225C0F2A16D1201802710021017031
:10047000A649CD68002D0ED00978C9070BD5417962
:10048000914208D042710020009000232069012190
:1004900001400420A8470798002805D0072107F04D
:1004A00025F8002900D108979848C1680191017882
:1004B00031406846007B964DDF229200A2181279E7
:1004C000002A00D131E1521E67D0521E00D145E111
:1004D000521E012A01D800F014FF921E00D19DE1A6
:1004E000521E00D1DFE1521E00D1EAE1521E00D1BE
:1004F000EBE1521E00D13BE2D21E00D13CE2521E83
:1005000000D16FE2521E00D1B0E2521E00D17AE358
:10051000521E00D10AE3521E00D124E3521E00D124
:100520003EE3521E01D100F0E7FB521E00D192E3E0
:10053000521E00D1A6E3521E00D1D8E1921E012A1C
:100540002BD9921E01D100F0FDFB521E01D100F00B
:1005500023FC921E21D0521E01D100F0C1FD521E7B
:1005600001D100F0E5FD521E01D100F076FE521ED1
:1005700001D100F0AAFE521E01D100F07FFC921EB4
:1005800001D100F0EDFC521E01D100F049FD521ED8
:1005900001D100F06FFD521E022A01D800F0B0FF19
:1005A000D21E01D100F06EFC521E01D100F011FFED
:1005B000521EF2D0521E01D100F02EFF521E01D168
:1005C00000F063FF521E012AE7D9921E01D0921E4D
:1005D000052A01D800F090FF921F01D100F07AFFA8
:1005E000521E032AD9D9283A022AD6D9123AD4D08F
:1005F000123A01D100F0D4FF0C3A00D18AE0521E29
:10060000022ACAD9D21E00D133E2521E00D159E2C9
:10061000921E01D100F088FF521E00D118E1921EF7
:10062000082A01D800F071FF0A3A022A04D903A966
:10063000200003F0CBF806003448C568002D12D026
:100640000078C0070FD5DF2080002018027941799B
:10065000914208D0427100200090002320690121BE
:1006600001400420A8476846007B142801D100F00F
:100670009EFF200004F0E5F9152807D114206946F3
:10068000087321690120084006F058FB1F48C5681F
:10069000002D12D00078C0070FD5DF208000201871
:1006A00002794179914208D04271002000900023E4
:1006B0002069012101400420A8470026089800284D
:1006C0001CD012480169C54A914217D0011D226908
:1006D0003A40920089580D69AB0B5B1CC04A15402B
:1006E0009B032B430B61001D216939408900405851
:1006F00001698B0B082B01D30A400261002E00D147
:10070000ACE630000BB0F0BDC4020020C0020020F7
:100710001D800000A068416B002903D020690740BC
:10072000380088470020C043ECE760680268102367
:100730009A430260002909D00020009000235F2224
:100740002069012101400920019DA8475F212069FE
:1007500007403800A268D2689047E3E76068006805
:100760000004C10F0AA8007806F0F1F861680A6871
:10077000BD4D28783040130B3B403BD093079B0F77
:10078000012B01D1002300E001232026B2435B01AD
:1007900013430B600026667661680A6853055B0F99
:1007A000012B16D0C54B13403A021A430A600028A9
:1007B00008D0009600235A22206901210140092017
:1007C000ED68A8475A21226901201040A268D2682A
:1007D0009047606800680009384009D0B84804991B
:1007E000088014260620DF2189006118087123E79C
:1007F0000520F8E7002808D0002000902122206979
:10080000012101400920ED68A8472121226901202A
:100810001040A268D26890470020E4E76068006852
:10082000C00B384046D020680078800742D5DF20D2
:1008300080002518EF7103A9200002F0C7FF060011
:1008400005D102262879992801D005202871F3E6E0
:10085000122820D1DF2080002018808AC10B1AD1F5
:100860000725010B294216D0C006C00E0F2812D151
:1008700003A9200002F0AAFF142069460873216929
:100880000120084006F05AFADF2080002018057188
:10089000002000266083DF20800020180089F903F3
:1008A00088420DD106E0DF20800020180089B103C6
:1008B000884205D10720DF218900611808710026D0
:1008C000BAE6200000F0AEFEB5E6DF20800020187A
:1008D0000189B2039142F3D121684968C9093940BD
:1008E00002D0617E491C617607210171A4E6A02136
:1008F000490061180A784B781B02D2188B781B04C8
:10090000D218C978090651180091112827D1DF2083
:1009100080002518A88AC10B21D1010B49071ED0E0
:10092000C106C90E02291AD10006810F22690120D1
:10093000104004F08DFE04236A460621266901203A
:100940003040A668B669B0470920287100261420F7
:100950006946087321690120084006F0EFF9DF209D
:10096000800020180089F9038842BFD10F20A2E738
:10097000200000F0BFFE5EE6DF2080002018008926
:10098000B2039042B2D16068026853055B0F042B3A
:1009900017D04A4B13406A091A430260002909D054
:1009A0000020009000235A222069012101400920E3
:1009B000019DA8475A21226901201040A268D268EF
:1009C0009047A068016800294CD02269012010409E
:1009D00088470028CAD10D2005E700BFCDB5E8B58E
:1009E000FF3F00000020009003230622002120008A
:1009F00002F087FD002835D1606801684A05520F72
:100A0000032A1AD02D4A0A40C021890011430160EF
:100A1000154D2878800709D50020009000235A2220
:100A20002069012101400920ED68A8475A21226967
:100A300001201040A268D26890470B4D28788007AB
:100A400009D50020009000231022206901210140D7
:100A50000920ED68A8471021226901201040A268F2
:100A6000D2689047E8E500BFC00200200026F643A8
:100A7000E2E50097972302220021200002F041FDC9
:100A80000028F5D16683BE4D2978314209D0002077
:100A90000090002329222069012101400920ED68EE
:100AA000A8472921226901201040A268D2689047F6
:100AB000B44804990880B44EBEE500BFFFF8FFFFBC
:100AC00014800000DF20800020180089B2039042CB
:100AD000F2D1002909D00020009000232A222069A9
:100AE000012101400920019DA8472A2122690120F6
:100AF0001040A268D268904700200090032306228D
:100B00000021200002F0FDFC0028D5D19C4D287862
:100B1000800709D50020009000232E2220690121A2
:100B200001400920ED68A8472E2195E7200002F03A
:100B3000ADFD00200090072303220021200002F0D9
:100B4000E0FC0028B8D18E4D2878800709D5002018
:100B50000090002331222069012101400920ED6825
:100B6000A847312178E70020009012230D220021B0
:100B7000200002F0C6FC00289ED1049805801D26A6
:100B80007F4D2878800709D500200090002330226F
:100B90002069012101400920ED68A84730215BE769
:100BA000112827D1DF2080002018808A774A024050
:100BB000032A1FD1002909D00020009000233122F0
:100BC0002069012101400920019DA84731212269A6
:100BD00001201040A268D26890470720DF218900D9
:100BE00061180871142069460873216901200840C2
:100BF00006F0A4F8DF20800020180089B1038842A5
:100C000000D019E5B2E62069614901402161200068
:100C100002F0F3FCA0684368002B05D002220121FA
:100C20002569012028409847DF2080002018594975
:100C3000049A11801B26217E491C217661680A686E
:100C400010239A430A60002101702169E022914338
:100C50002161152149E6A81E049A10801B26152043
:100C6000DF229200A2181071002909D00020009004
:100C700000231E222069012101400920019DA8476F
:100C80001E21E9E6DF20800025182889B203904262
:100C900057D1207E03281AD3206942083A4006D053
:100CA000A268526B002A02D09220287107E6002227
:100CB000002323762A71002907D0009221220121E6
:100CC000014009202E4DED68A8472121C4E6A06807
:100CD0004368002B09D02669B005800F421E92415F
:100CE000D20F0121012030409847CC480499088058
:100CF000C826B6001320A9E5A0684368002B05D0DC
:100D0000032201212569012028409847DF20800027
:100D100025182889B103884213D1A0684368002BA5
:100D200005D00422216901200840012198470121B2
:100D30000AA8007804F029FB0AA8007806F086FAD1
:100D40002E7179E400971B2307220021200002F076
:100D5000D8FB0028F5D106206083049805801D2665
:100D6000074D2878800709D50020009000230B222A
:100D70002069012101400920ED68A8470B216BE69D
:100D8000C002002026820000260200001FF00000A2
:100D9000FFFCFFFF1B800000112866D1DF208000D0
:100DA0002018808AC10B33D14104490F30D0C006CE
:100DB000C00E01282CD18B00A02040002218042155
:100DC000256901202840A568AD69A8470320DF21D7
:100DD000890061180871142069460873216901208F
:100DE000084005F0ABFFBC4D2878800709D50020EE
:100DF000009000230D222069012101400920ED68A7
:100E0000A8470D21226901201040A268D2689047AE
:100E1000DF2080002118888AF0221202024024D1AB
:100E2000C006C00E042801D010281ED1032008716E
:100E300014206946087321690120084005F07EFFEF
:100E4000A54D2878800709D50020009000230E22A8
:100E50002069012101400920ED68A8470E2122697F
:100E600001201040A268D2689047DF20800020183F
:100E70000189B20391420DD1032136E5A068816852
:100E8000002908D100200090032304220021200023
:100E900002F037FB55E722690120104088470A28F5
:100EA00002D00D2828D041E0681C049908801E2635
:100EB00000200090242303220021200002F021FBC7
:100EC0000028E7D1A068436A002B05D00122012148
:100ED00025690120284098477F4D2878800709D54B
:100EE0000020009000233A222069012101400920BE
:100EF000ED68A8473A21AFE50020009003230C22BB
:100F00000021200002F0FDFA0028C3D1724D28789C
:100F1000800709D50020009000233B222069012191
:100F200001400920ED68A8473B2195E5002000908D
:100F3000032304220021200002F0E3FA0028A9D1B3
:100F4000654D2878800709D50020009000231622DF
:100F50002069012101400920ED68A84716217BE5A1
:100F6000DF20800020180089B203904255D16068CC
:100F7000026853055B0F042B17D0584B13406A09C6
:100F80001A430260002909D00020009000235A2251
:100F90002069012101400920019DA8475A212269A9
:100FA00001201040A268D268904760680168102252
:100FB0000A430260A068436A002B0FD00622012179
:100FC0002569012028409847A068436A002B05D076
:100FD0000722012125690120284098470021226924
:100FE0000120104005F077FC002000902523062208
:100FF0000021200002F085FA00280ED1A068436A83
:10100000002B05D00822012125690120284098479E
:10101000CB4804990880D726760092E6208300000A
:10102000112811D1DF2080002518A88AC549014068
:10103000062909D114206946087321690120084056
:1010400005F07CFE26202871DF2080002018008912
:10105000B1038842E1D1A068416B002900D04EE184
:10106000436A002B05D00A2201212569012028406E
:1010700098477BE40021200003F0AFFCA068436A9E
:10108000002B05D00D22002125690120284098471A
:10109000200004F047FA104D2878800709D5002079
:1010A0000090002314222069012101400920ED68ED
:1010B000A8471421226901201040A268D2689047F5
:1010C000A068436A002B05D00E220021256901206B
:1010D00028409847EAE500BFC0020020FFF8FFFF64
:1010E00000971F230A220021200002F00AFA00289C
:1010F00093D108206083049805801D26A068436A68
:10110000002B05D0022201212569012028409847A3
:10111000BF4D2878800709D5002000900023392290
:101120002069012101400920ED68A847392193E495
:10113000112811D1DF2080002018808AF0221202AD
:10114000024009D1C006C00E032806D0042838D0BA
:101150000C281CD010284ED079E0002909D000209E
:10116000009000233A222069012101400920019DBD
:10117000A8473A21226901201040A268D26890470E
:101180002020DF21890061180871002657E0A0683F
:10119000436A002B05D00522012125690120284042
:1011A00098479B4D2878800709D5002000900023A0
:1011B0003B222069012101400920ED68A8473B211D
:1011C00032E0A068436A002B05D004220121256982
:1011D0000120284098478E4D2878800709D50020A7
:1011E0000090002316222069012101400920ED68AA
:1011F000A847162118E0A068436A002B05D00422F6
:1012000001212569012028409847814D28788007D1
:1012100009D50020009000231722206901210140F8
:101220000920ED68A8471721226901201040A26813
:10123000D26890470320DF218900611808711420CB
:101240006946087321690120084005F077FDDF2019
:10125000800020180189FA030CE6606801681022FA
:101260000A430260A068436A002B0FD006220121C6
:101270002569012028409847A068436A002B05D0C3
:101280000722012125690120284098470021226971
:101290000120104005F01FFB0020009021230622B2
:1012A0000021200002F02DF9002871D1A068436AC6
:1012B000002B05D0082201212569012028409847EC
:1012C000544804990880F026A6E611280CD126205F
:1012D000DF218900611808711420694608732169AB
:1012E0000120084005F02AFDDF2080002018008939
:1012F000B10388424CD1A068406B00284FD09220A7
:1013000089E1DF2080002518287903281ED10020DC
:1013100060830AA8007805F011FD216901200840CA
:1013200005F002FB0420287120690007800F0328C4
:101330000AD1688A400409D1B8486882B84E05E0ED
:10134000AE8100001FF00000002068826846007B2C
:1013500014281ED0A879E871A88AC10B03D02000F8
:1013600003F0CCFE0CE0F0210902014004D103A9F6
:10137000200003F0B3FB03E0200003F095FD06001E
:1013800014206946087321690120084005F0D6FC45
:10139000D7E4688AF903884202D10020688268E6AF
:1013A000A87800280CD12878002809D06978E9713C
:1013B000287100262E702069790301432161C0E461
:1013C0004E1E688A304201D1FFF750FB688A064002
:1013D000B7E400200290032001900097E6208000EF
:1013E000231806220021200002F0C0F80028EFD1C7
:1013F000074D2878800709D50020009000235D2242
:101400002069012101400920ED68A8475D218EE691
:10141000C0020020E081000006AB05AA0A210AA84C
:101420000078A5686D69A8470020A077E07721695A
:101430000120084004F08AF9002803D1E07F8021D0
:101440000143E177069A05A92000203013F017FF29
:1014500000200290032001900820009023001C33FC
:101460000C220021200004F030FAAF4D28788007CC
:1014700009D50020009000234C2220690121014061
:101480000920ED68A8474C2151E600973923E82050
:101490008000225C243820184178200002F031F8C6
:1014A00000283FD1E82080002018408860830498FD
:1014B00005801D269C4D2878800709D500200090C6
:1014C000002344222069012101400920ED68A8473A
:1014D00044212CE6DF21890061180A89B3039A426E
:1014E00004D1142802D10320FFF780F9142819D061
:1014F000888AC00BF7D032E7200004F05BFA54E092
:1015000003A9200004F090FB4FE003A9200004F0A1
:101510008FFF0600606800680004C10F0AA8007809
:1015200005F015FAFFF788F8DF20800020188069A1
:101530000290002909D00020009000235E2220693B
:10154000012101400920019DA8475E212269012057
:101550001040A268D268904721690120084005F038
:1015600055FB062122690120104005F059FBDF21BF
:10157000890061180091029D032844D10098806978
:10158000401BBC4988423ED260680068000B38406E
:1015900039D0062122690120104005F041FBEBE71C
:1015A0006846017B200003F0C2F9FFF744F8DF2012
:1015B00080002018807800281FD02069010B394056
:1015C0001BD0410B394017D0574D2978890708D5D2
:1015D0000021009100235B22012101400920ED68D8
:1015E000A8475B21226901201040A268D268904779
:1015F0002069A14901402161012620699F490140DC
:101600002161FFF75BF8072061680968090A01405A
:10161000032900D10320FFF7E6F80000B0B6000070
:10162000B0360000F8B5404E007CC107480F3018B6
:1016300044680225002720698007C10F200001F0BF
:1016400033FF052802D0092852D022E00120608310
:10165000022120690843206167762776E022920004
:10166000A218874B93801D251623137032780A42E7
:1016700007D0009700230F22C107C90F0920F66881
:10168000B0470F21227CD007C00FA268D2689047D4
:101690002EE020698107C90F0BD1617E332912D258
:1016A000E02080002018774981809625082101706C
:1016B0001EE0C007C00F05F037F90F20E0218900B8
:1016C0006054002514E03178890707D5009700237E
:1016D0002122C107C90F0920F668B0472121227CC9
:1016E000D007C00FA268D2689047E020800027543E
:1016F0002800F2BDFEB5010001200B4D2A1D09692D
:1017000001408900545802270297032601A9226943
:101710001040A268D26990470A2820D00B2805D033
:101720000D285DD07DE000BFC002002000200090A9
:101730000C2302220021200001F0E3FE00284ED1FC
:101740002878384209D00020009000230422207C11
:10175000C107C90F0920ED68A847042181E0E120F5
:1017600080002018616809684905490F01290BD0DC
:101770000199032908D1216989080E40032E03D15C
:10178000B9030180002002E03F4901801E20029041
:10179000002000900C2303220021200001F0B1FE64
:1017A000002813D12878384209D000200090002367
:1017B0000122207CC107C90F0920ED68A84701213B
:1017C000227CD007C00FA268D268904720690C2104
:1017D0008843019989000C220A400243226146E0B5
:1017E000606800684005400F032801D1032300E032
:1017F0000E23002000900C220021200001F081FE29
:10180000002834D12878384209D0002000900023E5
:101810000322207CC107C90F0920ED68A8470321D6
:101820001FE0606800684005400F032801D10323D2
:1018300000E00E230020009004220021200001F08F
:1018400060FE002813D12878384209D0002000908B
:1018500000230222207CC107C90F0920ED68A84798
:101860000221227CD007C00FA268D268904702985C
:10187000FEBD000071170000FFDFFFFFFFEFFFFF5D
:101880001D800000968000001E800000F8B590B01A
:101890000400CA48A100401847680025E1208000E4
:1018A000381805900169028880890905090D891891
:1018B0000205520F8918C006C00E0E18B6B23800C5
:1018C00003F09BF86946087301200490786800686B
:1018D000000B0121014005D06846007B032801D0A0
:1018E00000F092FF01206AE003A9200001F06EFFE2
:1018F0000500B248C768002F10D00078C0070DD58A
:1019000032797079904209D07271002000900023E2
:10191000206904990140C9B20420B8476846007B99
:10192000142801D100F03CFF200003F08AF81528AC
:1019300008D1142069460873216904980840C0B290
:1019400005F0FCF99D48C568002D10D00078C0074F
:101950000DD532797079904209D0727100200090D3
:101960000023206904990140C9B20420A84700253A
:10197000089800281ED091490869B44A904219D0AD
:10198000081D2269049B13409A00825813699E0B1C
:10199000761CAF480340B6031E431661091D226939
:1019A000049B13409A0089580A69930B072B01D9AD
:1019B00010400861002D01D100F02BFF280011B06C
:1019C000F0BDA068416B002903D0227CD007C00F76
:1019D00088470020C043F2E7606800680004C10F38
:1019E0006846407B04F0B3FF216904980840C0B208
:1019F00005F07DF9606801680A0B049B134012D062
:101A00008A07920F012A01D1002200E0049A2023C4
:101A1000994352010A4302608E4805990880FA25CD
:101A20006D004320307164E7112937D1B08AC10BB2
:101A300034D10727010B394230D0C106C90E012924
:101A40002CD100212176216902220A43226100065D
:101A5000810F6846407B03F0FBFDB08A000B074016
:101A6000BB00A020400022180421276904983840B8
:101A7000C0B2A768BF69B84704986083142069465C
:101A80000873216904980840C0B205F057F96068EE
:101A90000168102291430160442030713089A9030C
:101AA000884207D1606801681022914301600F20CD
:101AB000307100251DE7049860836A4621001431C7
:101AC000236904981840C0B2A3681B6A984720692C
:101AD0000C218843009989000C220A4002432261AC
:101AE0004520E5E70020029046200190012000906B
:101AF0002300143302220021200001F037FD059855
:101B000007801D25F5E603A9200000F085FFEFE61C
:101B1000112956D1B08AA5490140062951D1142076
:101B200069460873216904980840C0B205F006F9B7
:101B3000606801684A05520F032A1CD09C4A0A407B
:101B4000C0218900114301601C4D287880070AD507
:101B50000020009000235A22206904990140C9B254
:101B60000920ED68A8475A21226904981040C0B2A4
:101B7000A268D268904700256583032030710F4F1B
:101B80003878800709D50095002310222069049930
:101B90000140C9B20920FF68B847102122690498A2
:101BA0001040C0B2A268D268904720690007800F39
:101BB000032805D17F4830827F4D02E0C00200201B
:101BC0003582308980210902884246D16FE7216938
:101BD0007A4A0A40226161680A68102313430B6045
:101BE0000021618361680A6853055B0F012B19D0DE
:101BF0006F4B1340EA011A430A6000280AD0002004
:101C0000009000235A22206904990140C9B209209A
:101C1000019FB8475A21226904981040C0B2A268B7
:101C2000D2689047002737702069E02188432061FF
:101C3000217E032912D34008049901400CD0A068EA
:101C4000406B002808D09220307132E7CDB5E8B55E
:101C5000FF3F0000F481000037714AE6491C2176FD
:101C6000200001F0CAFC01216846407B03F08DFB97
:101C70006068016810220A430260C2480599088022
:101C80009B20E1E760680068C00B0499014009D01F
:101C9000A068026B002A05D000212369049818402F
:101CA000C0B29047B84D287880070AD50020009030
:101CB00000231E22206904990140C9B20920ED6861
:101CC000A8471E21226904981040C0B2A268D268B9
:101CD000904701216846407B03F057FB606801682C
:101CE00010220A430260A748059908809B20DFE67E
:101CF0003089A903884209D0A068C26B002A25D088
:101D000000216846407B904701281FD19F480599D4
:101D100008804020307100256846407B05F01CF8A3
:101D2000994F3878800709D5009500231322206940
:101D300004990140C9B20920FF68B84713212269FC
:101D400004981040C0B2A268D2689047D1E5A0685C
:101D5000C26B002A19D001216846407B90470128B8
:101D600013D16846407B05F071FA60680168102263
:101D7000914301606846407B04F0E0FF8448059988
:101D80000880FA256D0043203071308980210902D6
:101D90008842DBD160680168102291430160A0682D
:101DA000406B002800D092203CE600BF1FF00000EE
:101DB000FFF8FFFF28A3000028230000FFFCFFFF1F
:101DC000200001F063FC0020009003230322002187
:101DD000200001F096FB0028B8D16B4F38788007BF
:101DE0000AD5002000900023312220690499014087
:101DF000C9B20920FF68B8473121A0E760680068D0
:101E00004005400F042800D151E6002000905023E7
:101E10000D220021200001F074FB002896D1032040
:101E20006083059807801D25574F387880070AD5AD
:101E30000020009000233022206904990140C9B29B
:101E40000920FF68B847302179E7112912D1B08AFB
:101E5000A249014003290DD1200001F017FC032005
:101E60003071142069460873216904980840C0B293
:101E700004F064FF3089A903A6E6009543230722F6
:101E80000021200001F03DFB00283CD106206083AA
:101E9000059807801D253C4F387880070AD500201B
:101EA000009000230B22206904990140C9B2092047
:101EB000FF68B8470B2142E7112924D1B18A874A2C
:101EC0000A40062A1FD100280AD0002000900023D3
:101ED0002C22206904990140C9B20920019FB8470A
:101EE0002C21226904981040C0B2A268D2689047A1
:101EF0000320307114206946087321690498084052
:101F0000C0B204F01BFFF4E400200090032304227D
:101F10000021200001F0F5FA0028F4D11A480078D9
:101F2000800700D5A3E0AEE03079492803D1BA4854
:101F3000B08103203071307903281ED100206083E6
:101F40006846407B04F0FAFE042030710E4D28787C
:101F500080070AD5002000900023202220690499E0
:101F60000140C9B20920ED68A847202122690498E0
:101F70001040C0B2A268D268904703A9200000F0C8
:101F800018FEB5E48A820000C0020020FB84000035
:101F9000F4810000A06881682A27002901D13771E7
:101FA00087E56846407B88470A2802D00D283CD048
:101FB00057E0A068436A002B06D001220021276960
:101FC00004983840C0B29847002000905223032262
:101FD0000021200001F095FA002894D108206083A8
:101FE0006068016810220A430260A068436A002BFF
:101FF00006D006220021256904982840C0B29847DF
:10200000AD4805990880AD4D844F387880070AD5D2
:102010000020009000233A22206904990140C9B2AF
:102020000920FF68B8473A2189E600200090032381
:102030000C220021200001F064FA002800D058E4AE
:10204000764F387880070AD50020009000233B2285
:10205000206904990140C9B20920FF68B8473B21B3
:102060006DE6377100256D48007880070BD500209C
:10207000009000231622206904990140C9B209206A
:10208000664FFF68B847162159E611291AD1B08A60
:1020900012490140062915D1A068436A002B06D0D9
:1020A00009220021276904983840C0B2984753207C
:1020B0003071142069460873216904980840C0B241
:1020C00004F03CFE3089A9038842B7D1A068406B78
:1020D000002800D067E60F20A4E400BF1FF0000036
:1020E00061680A6853055B0F042B19D0744B1340C9
:1020F0006A021A430A6000280AD0002000900023D8
:102100005A22206904990140C9B20920019FB847A9
:102110005A21226904981040C0B2A268D268904740
:10212000A068436A002B06D00A2200212769049880
:102130003840C0B29847216904980840C0B204F002
:10214000EFFBA068436A002B06D00B220121276910
:1021500004983840C0B2984701216846407B04F09B
:10216000BAFB00200090542306220021200001F039
:10217000C8F900280ED1A068436A002B06D00C22B3
:102180000021256904982840C0B29847BA480599AB
:1021900008801425307954281AD000216846407BE5
:1021A00004F099FBA068436A002B11D0062201219C
:1021B000276904983840C0B29847A068436A002B4A
:1021C00006D007220021276904983840C0B29847FA
:1021D00099E63089A9038842FAD10121200002F052
:1021E000FCFBA068436A002B06D00E220121276960
:1021F00004983840C0B29847216904980840C0B29A
:1022000004F092FB200003F08DF904480078800769
:1022100000D553E15EE100BF64800000C0020020F1
:10222000A068436A002B06D0022221690498084066
:102230000021C0B2984700955823E8208000225C16
:102240000021200001F05DF9002800D016E1E8200F
:10225000800020184088608351E411290FD1B18A91
:10226000F02212020A400AD1C906C90E032907D07A
:10227000042974D00C2963D0102900D17EE09DE0A0
:102280006068016810220A4302600B4805990880C3
:102290000A4DA068436A002B06D006220021276958
:1022A00004983840C0B29847606801684A05520FE8
:1022B000042A23D0024A05E04383000043030000C0
:1022C000FFF8FFFF0A408021C90011430160B24FAF
:1022D000387880070AD50020009000235A22206910
:1022E00004990140C9B20920FF68B8475A21226900
:1022F00004981040C0B2A268D2689047A64F3878C0
:1023000080070AD50020009000233A222069049912
:102310000140C9B20920FF68B8473A2122690498F0
:102320001040C0B2A268D268904714206946087372
:10233000216904980840C0B204F000FD59203CE037
:1023400000280AD00020009000233B222069049935
:102350000140C9B20920019FB8473B211CE0002879
:102360000AD0002000900023162220690499014021
:10237000C9B20920019FB84716210DE000280AD0F4
:102380000020009000231722206904990140C9B25F
:102390000920019FB8471721226904981040C0B254
:1023A000A268D2689047142069460873216904988E
:1023B0000840C0B204F0C2FC032030713089802193
:1023C0000902884256D19AE111290FD1B08AC54934
:1023D000014006290AD15A20307114206946087339
:1023E000216904980840C0B204F0A8FC3089A90310
:1023F00088423FD1A068436A002B06D00F220021FB
:10240000276904983840C0B29847A068406B0028FC
:1024100000D1F8E4C7E4A068436A002B11D00A2277
:102420000021276904983840C0B29847A068436AE1
:10243000002B06D00B220121276904983840C0B236
:102440009847002000905B2306220021200001F025
:1024500058F8002812D1A068436A002B06D00C223D
:102460000021256904982840C0B298470248059980
:102470000880142547E500BF14800000A068436A67
:10248000002BF7D00F229DE63089A9038842F1D1B5
:102490000121200002F0A1FA200003F043F8A06817
:1024A000436A002B06D00E22012127690498384088
:1024B000C0B298473848007880070BD500200090BC
:1024C00000231522206904990140C9B20920324F26
:1024D000FF68B847152132E406AB09AA0021276935
:1024E00004983840C0B2A7687F69B84700200290BE
:1024F0000320019006988008009009AB012200217A
:10250000200001F033F8FEE4002002900320019047
:1025100001200090E62080002318062200212000E0
:1025200001F024F80028EED11B4F387880070AD537
:102530000020009000235D22206904990140C9B267
:102540000920FF68B8475D21C5E70095662314227E
:102550000021200000F0D5FF00281BD1059807803E
:102560001D250D4F387880070AD5002000900023E4
:102570004A22206904990140C9B20920FF68B8477E
:102580004A21226904981040C0B2A268D2689047DC
:102590000B206083B7E400BFC0020020112934D1B2
:1025A000B08AC10B31D0C006C00E0C282DD1042337
:1025B000A120400022180A21276904983840C0B29F
:1025C000A768BF69B84703203071142069460873B3
:1025D000216904980840C0B204F0B0FB884F3878F5
:1025E00080070AD50020009000234B22206904991F
:1025F0000140C9B20920FF68B8474B2122690498FD
:102600001040C0B2A268D26890473089A9038842BE
:10261000C0D16DE400953923E8208000225C0021C0
:10262000200000F06EFF00283FD1E8208000201835
:1026300040886083606801684A05520F032A1CD0F5
:10264000704A0A40C0218900114301606C4D28780E
:1026500080070AD50020009000235A22206904999F
:102660000140C9B20920ED68A8475A21226904989F
:102670001040C0B2A268D2689047614D28788007A8
:102680000AD50020009000234422206904990140CB
:10269000C9B20920ED68A847442122690498104076
:1026A000C0B2A268D2689047D6E5606801684A0562
:1026B000520F032A5DD0534A0A40C02189001143BA
:1026C00001604F4F387880070AD500200090002322
:1026D0005A22206904990140C9B20920FF68B8470D
:1026E0005A21F8E61FF000003089AA0390420BD16E
:1026F000142909D1E8208000205C112802D1032090
:10270000FFF7D6F90320E7E4142932D01427B08A62
:10271000C00B0AD0200002F0F1FC69460F7321695A
:1027200004980840C0B204F009FBB08AB6490140E1
:1027300010291ED168460773216904980840C0B269
:1027400004F0FCFADEE7200003F034F926E003A9E8
:10275000200003F069FA21E003A9200003F068FEDD
:102760000500606800680004C10F6846407B04F003
:10277000EEF8FFF7BEF806216846407B0BF0C7FF76
:10278000606800684005400F032801D0FFF749F951
:10279000A2E46846017B200002F0C9F8FFF7A8F820
:1027A000B078002825D02069010B049A0A4020D077
:1027B000410B049A0A4019D0114D2978890709D58F
:1027C0000021009100235B2204990140C9B2092035
:1027D000ED68A8475B21226904981040C0B2A26846
:1027E000D2689047206989490140216103203071F6
:1027F000049D2069864901402161FFF7B9F800BFB7
:10280000C0020020FFF8FFFF684644733C000895B3
:1028100007960225DF208000261832780F2A16D16D
:10282000327100203070A148C768002F0FD00078A7
:10283000C0070CD57079904209D0727100200090C9
:102840000023206904990140C9B20420B8470798C1
:10285000002806D0072104F049FE002901D1049880
:102860000890924908782840C96801916946097B17
:10287000684F3279002A00D1ABE0521E3DD0921E43
:10288000012A01D8FFF750FB0C3A01D1FFF79FF95D
:10289000521E01D1FFF794FA521E01D1FFF7AEFA92
:1028A000D21F012A29D9921E01D1FFF7E6FAD21EC2
:1028B00023D0521E00D1B3E4121F01D1FFF76AFBEF
:1028C000521F022A19D9D21E01D1FFF71DFB521E39
:1028D00000D119E6521E10D0921E00D19AE6521E67
:1028E000012A0AD9921E01D0921E052A00D82AE791
:1028F000921F00D1F8E6521E032A00D827E7121FC4
:1029000001D1FFF769F8521E01D1FFF7BBF9521E42
:1029100001D1FFF71CFA521E00D12AE7921E01D105
:10292000FFF782F8521E01D1FFF7C5F8521E01D100
:10293000FFF7D8F8521E01D1FFF7E5F8521E01D17A
:10294000FFF7E6F8921E9CD0D21E00D1C4E5121FFC
:1029500001D1FFF77AFA921E01D1FFF796FB521EC2
:1029600001D1FFF7BDFB521E01D1FFF732FC121F50
:1029700000D172E4521E00D126E5521E00D14AE574
:10298000521E00D180E5D21F022AB6D9D21E00D134
:10299000DBE5521E00D101E60E3AAED0123A00D16C
:1029A000F7E60C3A01D1FFF70CF8521E022AA4D91F
:1029B000521F01D1FFF780FA521E00D1DBE6921EB2
:1029C00001D1FFF795F9521E082A00D8C4E6FEF798
:1029D0008BFF61680A6810239A430A60002809D0B7
:1029E0000020009000235F22207CC107C90F09202E
:1029F000019DA8475F21227CD007C00FA268D26842
:102A00009047FEF7E6FF00001FF00000FFDFFFFF2A
:102A1000FFEFFFFF1D800000F3B581B00126B14933
:102A20000069304080000D58022402980078112877
:102A300064D1E02080002818008AF02109020140BA
:102A40005CD1A94A0721C306DB0E9B1E012B04D9CA
:102A50009B1E2DD0083B2BD04DE0C80128184723E2
:102A600003708280FA24640068680268130A1940BF
:102A7000042938D09D491140B2020A4302600B4F2D
:102A80003878800709D50020009000235A22286951
:102A9000012101400920FF68B8475A212A69012015
:102AA0001040AA68D26890471DE000BFC002002015
:102AB0006B681B681B0A1940032908D0E0208000BE
:102AC0002818432101708280FA2464000BE0E02181
:102AD000890069180024C006C00E0C2801D14920C5
:102AE00000E0032008701420029908702969012071
:102AF000084004F023F90298007814284CD1B64815
:102B0000C768007802210840E02189006918097C23
:102B1000C906C90E022913D0032904D004291CD0E8
:102B20000C2927D038E0002808D00020009000238E
:102B300001222869012101400920B847012125E02F
:102B4000002808D0002000900023042228690121D9
:102B500001400920B847042118E0002808D00020CF
:102B60000090002302222869012101400920B84772
:102B700002210BE0002808D000200090002303224F
:102B80002869012101400920B8470321286906402E
:102B90003000AA68D2689047E02080002818818819
:102BA00080221202914202D10F21017000242000E4
:102BB000FEBDF8B50F000224017CC807C00F4949CB
:102BC00082008D58DF2189006E18397814291DD0B4
:102BD000B079F071B08AC10B03D0280002F08EFAF0
:102BE0000CE0F0210902014004D13900280001F075
:102BF00075FF03E0280002F057F904001420387034
:102C0000297CC807C00F04F099F853E029698A0BA2
:102C10000F27A103002A16D07089884205D1377189
:102C2000287E401C2876002444E0B0690005000D91
:102C3000B38A1B055B0F9A1833235A431418214398
:102C40007181A4B236E0328A8A4204D100243482EF
:102C5000452030712EE0B17800291DD1317800294E
:102C60001AD0032403F06BFE012804D168680068C1
:102C70002040022804D0686800680440012C0BD171
:102C80007078F071307830710024347028698021B8
:102C90008901014329610DE0AB4C308A204202D00A
:102CA000308A044006E03078002801D00F2401E08B
:102CB0000024E4432000F2BD80B547498200891812
:102CC0004968496809684A07D20F02D0FDF79AFBA4
:102CD00002BDFEF7DBFD02BD3F4A800010184068D0
:102CE000C1607047C4020020F4810000FFF8FFFFBC
:102CF0007CB5AC4A8300D258012314686468640A26
:102D00001C4002D0D468002C01D1022076BDDF2403
:102D1000A40014192578002D04D155682E68360BAF
:102D20001E4001D1032076BD6170002903D0022925
:102D300008D007D314E029684905490F03290FD1AA
:102D40007D2113E02968AF4D0D4082267600B54203
:102D500008D087231B020B40832109028B4204D039
:102D6000102076BDC90B0B40FAD005212170916867
:102D7000896A8847002076BDF8B58A4A8300D3580F
:102D8000DA68002A01D10220F2BDDF2292009C18ED
:102D90002278002A05D15D682E680127320B3A405F
:102DA00001D10320F2BD10227605760F032E01D04B
:102DB0001020F2BD61707F262670002906D00229FE
:102DC00000D007D22968C90B0F4003D09968896ADF
:102DD000884700221000F2BDC0020020F8B51300A1
:102DE000704A84001459E268002A01D10220F2BD21
:102DF000DD229200A5182A7A002A06D16268009284
:102E0000176801263A0B324001D10320F2BD10228F
:102E10007F057F0F032F01D01020F2BD697281273B
:102E20002F722B80002907D0022900D008D20099E8
:102E30000968C90B0E4003D0A168896A884700223F
:102E40001000F2BDF1B582B056486C46247AA40059
:102E50000459E068002801D10220FEBDDD20800079
:102E60002018007A002806D16068009006680125C5
:102E7000300B284001D10320FEBD1020E127FF00C8
:102E80003740C226B600B7421CD16C36A619717203
:102E90008227377232802269E026B2435B011E40EE
:102EA00016432661002907D0022900D00AD20099D2
:102EB0000968C90B0D4005D06846007AA168896A87
:102EC00088470020FEBDF1B582B036486C46247AB2
:102ED000A4000459E068002801D10220FEBDDD20D5
:102EE00080002018007A002806D1606800900668EB
:102EF0000125300B284001D10320FEBD1020E12721
:102F0000FF003740C226B600B7421CD16C36A61966
:102F100071728327377232802269E026B2435B01E7
:102F20001E4016432661002907D0022900D00AD28C
:102F300000990968C90B0D4005D06846007AA16860
:102F4000896A88470020FEBDFF7F0000F8B5154B59
:102F500084001B59DC68002C01D10220F2BDDD2465
:102F6000A4001C19257A002D05D15D682D68012665
:102F70002F0B374001D10320F2BDEF0B3E4001D1B2
:102F800000290CD16905490F032908D1002161727C
:102F900084212172062161602280996834E010202A
:102FA000F2BD0000C4020020F1B535486C4624781B
:102FB000A4000459E068002801D10220F2BDDD2000
:102FC00080002018057A002D05D165682D6801263E
:102FD0002F0B374001D10320F2BDEF0B3E4001D152
:102FE0000E000CD16D056D0F032D08D141728521A6
:102FF00001724260038068460078A16804E01020F6
:10300000F2BD000004070000896A88470020F2BD75
:1030100070B51B4A8300D258D368002B01D102201F
:1030200070BDDF239B00D3181C78002C05D1546899
:1030300024680125260B2E4001D1032070BDE60B2C
:10304000354001D10D0008D16405640F032C04D173
:103050005970862119709168A7E1102070BD80B564
:103060009049820089184968DF2292008A1800235B
:1030700053700F2313708968896A8847002002BD46
:10308000C4020020F1B582B0B3486B461B7A9B00A6
:10309000C05801900224DF239B00C0180378002B46
:1030A00005D1019B5B681B68DD04ED0F01D1032096
:1030B000FEBD6D462A70019AE825AD0055192E22F5
:1030C0000326891E142900D9E9E002A77F5C7F004E
:1030D000BF4400BF0BE5E5D3E51B2D353D4FE55A59
:1030E000E5E5E5618190A5BC73005907C90F0AD0D9
:1030F0006C8000244470962101706846007A019922
:103100008968896A88472000FEBD5905490F03294F
:10311000F9D10121019A12685268D2080A4002D1FD
:103120009A081140EFD1002444701A21E4E75905B0
:10313000490F0329E7D1002444701821DCE7590521
:10314000490F0329DFD1002444709421D4E75905A5
:10315000490F0329D7D10199096849680A07D20F95
:10316000D1D00A21297008216980002444701E21D1
:10317000C2E701998968C96A0029C4D01021698011
:1031800000244470A221B7E76946097841701121F3
:1031900001700024B1E75905490F0329B3D11E403E
:1031A000012EB0D95907C90FADD1112129700A21BB
:1031B00069800024447002709FE75905490F032974
:1031C000A1D11E40012E9ED95907C90F9BD01621AF
:1031D0002970F931ECE75905490F032993D11E40B5
:1031E000012E90D90270122129700B2169800024D0
:1031F000447082E75905490F032984D11E40012EEE
:10320000EFD901219A080A40F7D1019A1268128970
:1032100052080A42E5D0132129700921A4E7590573
:10322000490F0329E9D11E40012EDAD901219A085C
:103230000A40E2D1019A1268128992080A42D0D05B
:103240000B21698000244470652155E75905490F19
:10325000032925D11E40012E22D901990968098927
:10326000C909C9071CD5694609784170FF210E318B
:1032700069801521297002708BE75905490F0329D0
:103280000ED10199096849684B06DB0F08D06946E1
:103290000978417000246C80052129708BE7102487
:1032A00031E70000C0020020F1B584B02A486B4627
:1032B0001B7C9B00C05801900224DF239B00C01898
:1032C0000378002B06D1019B5B681B6801251E0B50
:1032D0002E4001D103201CE002926A4611700321A6
:1032E000072200266F463F78012F04D0062F12D008
:1032F000072F1ED02DE09908294009D0C5844670BB
:10330000027000246846007C01998968896A8847B0
:10331000200005B0F0BD1D0A2A40032AF8D119404B
:103320000129F5D9467002990968C1612B21017004
:10333000E7E71D0A2A40032AEAD119400129E7D903
:1033400002990968C161FF210E31C1844670622172
:10335000EDE71024DCE70000C402002070B5C74B85
:1033600084001B59DF24A4001C192578002D04D1EA
:103370005D682D68EE04F60F01D1032070BDC04ECC
:103380002E40C025AD00AE420DD1452525705961B6
:1033900019690C25A943920015400D431D610021B8
:1033A0006170996801E0022070BD896A8847002039
:1033B00070BD0000FBB582B0B0486946097A89004B
:1033C0004558DF208000285C002804D16868006828
:1033D000C104C90F01D1032064E04105490F03294D
:1033E0000AD18007800F012801D801205AE00A9CE9
:1033F000FF21891D8C4201D3022053E068460270F0
:1034000028691021884328619E48291810206A469F
:103410001278D21E082A45D801A39B5C9F4400BFA6
:103420000A328436843A144014000C220A80296936
:1034300008432861002620001FD000276846007A34
:1034400002F084F9012800D10427049800228E4E4E
:103450000DE00D22EAE70E22E8E7FB300880E9E7FD
:10346000FC30FBE7815CD319EB189955521CA24242
:10347000F8D3D42080002C5202E0D42080002E52B9
:103480006846007BDF21890069184870684600782B
:10349000C94AA854312008706846007AA968896A28
:1034A0008847002005B0F0BDF8B584B004000E00D8
:1034B0001E211C3011F0DEFE0120029003AB220021
:1034C0001E32002125692840A5686D69A847039D23
:1034D000AD1CEDB20196009523001C3301220021A2
:1034E000276902983840C0B203F046FA032806D193
:1034F00060680068000B02990140EBD1102005B014
:10350000F0BDFEB504000E001500089F01970220D3
:10351000009023001C33217CC807C00F07E00197EF
:103520000221009123001C332A0021690840310048
:1035300003F022FA032814D1012061680968090BFD
:103540000140ECD10020E021890060541020FEBD34
:1035500000226B461B7A00930300200002F0F1F971
:10356000FEBD31000D2DF3D10122F2E7F6B583B097
:1035700004000A9800210CE000228D006519AE18A5
:103580001D68D700FD40B577521C042AF5D31B1DDA
:10359000491C8142F0D30C9E69460F7C0D7B800054
:1035A000801C0881019668460089009023001C3326
:1035B0003A00217CC807C00F08E0019669460989D6
:1035C000009123001C333A0021690840290003F0D0
:1035D000D3F9032807D1012061680968090B01406C
:1035E000EBD1102007E029000B9A00920300002283
:1035F000200002F0A6F905B0F0BDF8B50400E52002
:103600008000255801266D4F3878800709D50020A5
:10361000009000231F222069012101400920FF683A
:10362000B8471F21226901201040A268D268904744
:1036300021690120084003F0E9FA052122690120EF
:10364000104003F0EDFAE5218900611800915C4F0C
:10365000032810D100980068401BB8420CD2606863
:103660000068000B304007D005212269012010407E
:1036700003F0D6FAECE7F2BD0420F2BDC40200204C
:1036800004070000A20300004602000038B5040051
:1036900000250120616809688908014005D0657628
:1036A0002269104003F017F931BD2269104003F080
:1036B00012F9257631BD7CB5E021890044182C39FA
:1036C0004218218A4904490F491E1177E1780029DF
:1036D00071D1002315E099004118A2256D00491908
:1036E0000D784E783602AD198E783604AD19C9784A
:1036F000090669189D004519D626B600A9515B1C1C
:10370000DBB2117F8B42E6DB2E4D2F4B1678F6068F
:10371000F60E761E0DD0761E21D0761E25D0761E92
:1037200029D0761E2DD0761E31D00A3E0F2E3CD9E0
:1037300073BDD9094183406801688D06ED0F126899
:103740005204960FAE4200DA3500202291436A01FE
:1037500020252A400A430260A38075202AE08121A7
:1037600049004183A380762024E0FF21091D418385
:10377000A38078201EE0822149004183A580792022
:1037800018E0FF21891D4183A5807A2012E0C368DB
:10379000DB6A002B07D0002900D001215268057C8C
:1037A000E807C00F9847032004E0852149004183C2
:1037B000A3807B20207073BD9F030000C002002007
:1037C00071170000198000000F800000F2B594B05E
:1037D000040002200590DF20800025182879009041
:1037E0007538072805D214980078142801D001F004
:1037F0005AF8D520800026181F20C0431121142715
:10380000019707270197009F052F01D100F07DFF49
:10381000752F46D0762F00D1A4E0772F00D11BE181
:10382000782F00D17DE1792F00D1E2E17A2F00D10C
:103830001BE27B2F00D170E27D2F00D1C7E27F2FEA
:1038400000D15AE3812F01D100F0EAFB822F01D190
:1038500000F0AAFC832F01D100F06BFD842F01D171
:1038600000F001FF852F01D100F03CFE872F00D131
:10387000E1E2892F00D173E38B2F01D100F00BFC23
:103880008C2F01D100F0DCFC8D2F01D100F0A6FDC2
:103890008F2F01D100F07FFE9A2F01D100F079FF28
:1038A00093E20127F9032A898A4200D13BE20122EF
:1038B000336818401043306001433160606800682D
:1038C00040090240AE4B0B40500318433060616822
:1038D00009780B220A40092A35D0E168002932D044
:1038E0000A68002A2FD0000CFF21090288422AD141
:1038F00006A9237CD807C00F9047032802D00F28C1
:1039000003D020E03068C02121E03068C021884326
:1039100040210143316006980D9007980E90089859
:103920000F90042706A8007D0121084202D0099AC1
:1039300010920527400808420BD00A980CA9BA003B
:1039400088507F1C05E03068C021884380210143F6
:10395000316030680C9000200290032001900097A5
:103960000CAB2DE201216A461173C9032A898A42F0
:1039700000D1D8E132681040022202433260114384
:103980003160012062681268520902407C4B0B4092
:10399000510319433160C027FF43626812780B233B
:1039A0001340092B52D0E26852680092002A4DD091
:1039B000090CFF221202914248D1C049621804A9A1
:1039C00023691840009B984703283BD00F283DD11E
:1039D000D5208000201801680F4040213943016044
:1039E0001C2106A811F046FC0023002006A9019125
:1039F00001210091D52189006118897F8B4200D275
:103A00000C2B01D300F05BFF401C0199091D5A08E3
:103A100092008918009A1A400A68049E05D15F0036
:103A2000F65B360416430E6003E05F00F65B32433C
:103A30000A605B1CDEE769460006400E801C0873C6
:103A40001068B4E13168C020084303E030680740E3
:103A5000802038433060AAE18022120229899142F5
:103A600000D160E1D521890061180B68184002235C
:103A700003430B609BB2FF2000061843086002431B
:103A80000A60012000906068006843090120184026
:103A90003B4B1340400318430860C0229043402230
:103AA00002430A6003AA04A9236900981840C0B21F
:103AB000E3685B6898471C2106A811F0DBFB002334
:103AC000002206A80190D52080002018817F8B421B
:103AD00000D20C2B01D300F00DFF521C0198001DE9
:103AE000590889004018009919400168049E05D1C1
:103AF0005F00F65B36040E43066003E05F00F65B92
:103B0000314301605B1CDEE700210291032101913A
:103B10001106490E891CC9B2009106AB0F22E97942
:103B200051E101270697F9032A898A4200D1FAE078
:103B300032681040032202433260114331606068F2
:103B40000068400938400E4A0A4040031043306084
:103B5000616809780B220A40092A3AD0E16889682D
:103B60000091002935D003AB04AA010C276901207C
:103B70003840009FB847032804D00F2805D028E01C
:103B8000FF9FFFFF3068C02127E06846007B0028C8
:103B90001FD06846007B07281BD23068C0218843AD
:103BA000402101433160002207A800900698694631
:103BB000097B8A4201D300F0B2FE04990968009B98
:103BC0001B1D9700D9510499091D0491401C521CDA
:103BD000EDE73068C02188438021014331603068BF
:103BE000079000200290032001900698009007ABF8
:103BF000E6E0802109022A898A4200D198E33268EE
:103C00001040042202433260114331600120626897
:103C10001268520902402A4B0B405103194331608C
:103C200062681268D20802403ED1E268D368002B75
:103C30003AD007270A0A3A40090C8C462169084005
:103C400061469847032852D00F2853D13168C020CD
:103C50008143402008433060000A07402069E0218A
:103C600088437901014321614AE0802109022A89C0
:103C70008A4258D032681040052202433260114314
:103C80003160012062681268520902400C4B0B40FF
:103C900051031943316062681268D208024003D1AF
:103CA000E2681369002B0DD1606800788007800FEF
:103CB00002281FD1012000F0FEFD00BF72030000AA
:103CC000FF9FFFFF4A05520F090C276938409847AC
:103CD00003280CD00F280DD13068C0218843402123
:103CE000014331602069E0218843206108E03068A9
:103CF000C02103E03068C021884380210143316046
:103D000000200290032001900120009033000F2238
:103D1000E9792000FFF72AFC57E001206A4610737A
:103D20002989C203914200D1D9E3E168496B01912D
:103D3000002933D0D6218900611800910B46DC217F
:103D4000890062183178C906C90E27693840019F79
:103D5000B84703281FD00F2820D1D5208000201875
:103D60000168C022914340220A430260002606AB4C
:103D70006846007B21001F1DD52292008A18127F01
:103D8000964201D300F0CEFDB200009CA458BC5076
:103D9000401C761CF0E73068C02103E03068C02189
:103DA0008843802101433160D5208000205806904F
:103DB00000200290032001906846007B009006AB33
:103DC0000F22E9792000FFF7D1FB00F075FDEF31FC
:103DD000618301213268104008433060CA03024306
:103DE00032606068006840090840A24B13404003FD
:103DF00018433060A04A02403260C02082433260E3
:103E000090B2FF22120602433260606800688008A8
:103E1000014003D020698107C80F00E00220029012
:103E2000872001900120009033000F22E9792000C3
:103E3000FFF79CFB2EE1E879002808D0022801D08A
:103E400002D303E0132102E0122100E01421032732
:103E50001F2614980078884217D1A88AC10B14D164
:103E6000010B490715D01F2101400F290DD1142046
:103E700014990870217CC807C00F02F05FFFA020D2
:103E80004000205C00903040012800D0C4E0009841
:103E9000800900D1C0E0E0684069002800D13BE221
:103EA0000098800901280BD106AAA2204000211801
:103EB000237CD807C00F01F055FC002800D02BE26E
:103EC000012606AB0098800907403A0000212769C7
:103ED00001203840E7687F69B847B24F38788007DB
:103EE00009D50020009000235122206901210140C2
:103EF0000920FF68B84751218AE0F13161833268B7
:103F0000C0218A433260022110400843306080B2F1
:103F1000FF22120602433260880310433060012200
:103F200063681B685F091740524B034078031843CE
:103F30003060514B03403360606800688008024085
:103F400002D020698007C10F0291892001900120D1
:103F5000009033000F22E9792000FFF707FB99E07A
:103F6000E879002808D0022801D002D303E0132109
:103F700002E0122100E0142103271F261498007884
:103F8000884249D1A88AC10B46D1010B490743D0C9
:103F90001F2101400F293FD1142014990870217C62
:103FA000C807C00F02F0CAFEA0204000205C0090AD
:103FB0003040022830D1009880092DD0E068806917
:103FC000002800D1A8E1012606AAA220400021185D
:103FD00023690120184001F037FC06AB00988009E6
:103FE00007403A000021276901203840E768BF698F
:103FF000B8476C4F3878800709D50020009000231F
:1040000053222069012101400920FF68B84753214C
:10401000206906403000C3E0A88A0640102E19E34C
:10402000F23161833168C02291433160084003213D
:1040300001433160308C8AB2010411433160802029
:1040400000020843306001216268126852090A4088
:10405000084B0340500318433060074A0240326067
:10406000606800688008014008D020698107C80F97
:1040700005E000BFFF9FFFFFFFF8FFFF0220029057
:104080008B2001900120009033000F22E97920005D
:10409000FFF76CFA6FE3E879002808D0022801D016
:1040A00002D303E0132102E0122100E014211F27B4
:1040B00014980078884217D1A88AC10B14D1010B3B
:1040C000490715D01F2101400F290DD11420149943
:1040D0000870217CC807C00F02F030FEA02040000D
:1040E000205C00903840032800D016E10098800939
:1040F00000D112E1E068C069002800D1ABE3B64806
:10410000217CCA07510F4058E4218900405A4004DD
:10411000400F411EC9B200203268120C06AB9A83D0
:104120000690069A531C06932318A22676009B1924
:104130001E785F783F02F6199F783F04F619DB7806
:104140001B06F31806AE361D9200B350001DC0B218
:104150008A009042E5D3009880090090032606ABC0
:1041600002463240E979277CF807C00FE768FF690B
:10417000B84700980640012E00D06CE3094E307815
:10418000800709D50020009000235422207CC1071D
:10419000C90F0920F668B0475421227CD007C00F10
:1041A00056E300BFC0020020F33161833168C022B2
:1041B000914331600840042101433160308C8AB260
:1041C0000104114331608020000208433060012760
:1041D0006168096849093940B74A024048031043F9
:1041E000306021690906490FB44A024008021043B1
:1041F0003060606800688008384003D0206981071B
:10420000C80F00E0022002908C200190009733003C
:104210000F22E9792000FFF7A9F9002800D0D8E0A3
:10422000A74E3078800709D5002000900023342263
:104230002069012101400920F668B0473421C2E01D
:1042400034206F463871E879002808D0022801D060
:1042500002D303E0132102E0122100E014211F2702
:1042600014980078884258D1A88AC10B55D1010B07
:10427000490752D01F2101400F294ED11420149913
:104280000870217CC807C00F02F058FD0020608331
:10429000A0204000205C1F21014004293DD180095D
:1042A0000321084239D001400291012804D00AD3E9
:1042B000032805D002D306E0352002E0362000E0D6
:1042C0003720694608717E4F387880070AD500206C
:1042D0000090002368460279207CC107C90F09209D
:1042E000FF68B8470127684601792269012010401C
:1042F000A268D2689047E068006A019000280BD05D
:1043000030684105490F0091030C029A0021206991
:1043100007403800019CA0479DE2A88A0740102F63
:1043200000D19EE2288980210902884200D0C3E2A0
:10433000D5E0F43161833168C02291433160084097
:10434000052101433160308C8AB201041143316090
:10435000802000020843306001276168096849092C
:104360003940554A0240480310433060216909062C
:10437000490F524A024008021043306060680068EA
:104380008008384003D020698107C80F00E0022070
:1043900002908D200190009733000F22E9792000D0
:1043A000FFF7E4F8002814D1454E3078800709D58E
:1043B000002000900023552220690121014009209E
:1043C000F668B0475521206907403800A268D268D6
:1043D00090473C488CE200BFC402002055206F4645
:1043E0003871E879002808D0022801D002D303E010
:1043F000132102E0122100E014211F2714980078F5
:10440000884261D1A88AC10B5ED1010B49075BD0FC
:104410001F2101400F2957D1142014990870217CC5
:10442000C807C00F02F08AFC00206083A020400073
:10443000205C1F210140052946D180090321084243
:1044400042D001400291012804D00AD3032805D0AC
:1044500002D306E0562002E0572000E058206946CB
:104460000871174F387880070AD500200090002384
:1044700068460279207CC107C90F0920FF68B84748
:10448000012768460179226901201040A268D2689C
:104490009047E068406A019000280BD030684105E1
:1044A000490F0091030C029A00212069074038004F
:1044B000019CA047CFE100BFFF9FFFFFFFF8FFFF78
:1044C000C002002032800000A88A0740102F00D1CF
:1044D000C7E1288980210902884200D0ECE103204D
:1044E0002871E0E100216A4611738521490061834A
:1044F0003168C02291433160726A0840D106C90E0A
:1045000001433160308C8AB2010411433160802054
:104510000002084330600127616809684909394091
:10452000974A0240480310433060964901403802E0
:10453000084330600490E068006B009000280AD0C7
:1045400004A8031D03AA3078C106C90E26690120FC
:104550003040009EB0476846007B401C69460873A7
:10456000606800688008074003D020698107C80F91
:1045700000E0022002908F2001906846007B0090AE
:1045800004AB0F22E9792000FEF7F0FF7E48288176
:104590001E200590B6E0A88A4004400F401E6F46DA
:1045A0003870E879002808D0022801D002D303E04F
:1045B000132102E0122100E014210327149800784F
:1045C000884243D1A88AC10B40D1010B49073DD095
:1045D000C006C00E0F2839D1142014990870217C10
:1045E000C807C00F02F0AAFBA0204000205C1F21DA
:1045F0001F220240736A9A4228D1820926D0E268BB
:10460000926B002A21D0002212E09300E318A22628
:1046100076009B191E785F783F02F6199F783F0459
:10462000F619DB781B06F31806AE9700F351521CFF
:104630006B461B789A42E8D306AB6A460140267C5B
:10464000F007C00FE468A46BA04704E1287DC00612
:10465000C00E102800D104E1288980210902884277
:1046600000D12F7128E100216A461173852149008C
:1046700061833168C02291433160726A0840D1067B
:10468000C90E01433160308C8AB20104114331609C
:1046900080200002084330600127616809684909E9
:1046A0003940374A024048031043306035490140E1
:1046B0003802084330600690E068836A002B06D019
:1046C00006A8021D03A926690120304098476846C4
:1046D000007B401C694608736068006880080740DA
:1046E00003D020698107C80F00E002200290032058
:1046F00001906846007B009006AB0F22E97920000C
:10470000FEF734FF00202870D6E001213268104007
:1047100008433060CA0302433260606800684009A1
:104720000840174B1340400318433060154A0240BD
:104730003260C0208243326090B2FF2212060243F0
:104740003260606800688008014003D020698107FA
:10475000C80F00E0022002909A20019001200090F2
:1047600033000F22E9792000FEF700FF00280DD169
:10477000FF20801C6083044828811E2007E000BFC2
:10478000FF9FFFFFFFF8FFFF1E8000000020059045
:1047900092E0E879002808D0022801D002D303E093
:1047A000132102E0122100E01421A88A1F26149A86
:1047B00012788A4252D1C10B50D1010B49074DD01A
:1047C0001F2101400F2949D1142014990870012795
:1047D00021690120084002F0B1FAA0204000205CCD
:1047E00000900640012E60D1032680095DD0E0686C
:1047F000406900282FD00098800901280AD10EAA0C
:10480000A2204000211823690120184000F0AAFFCF
:10481000002820D10EAB0098800906403200E979CB
:10482000266901203040E6687669B047A64E3078A8
:10483000800709D500200090002352222069012121
:1048400001400920F668B04752212069074038002E
:10485000A268D26890470020288140E60640102ECA
:1048600023D11420149908700126216901200840E1
:1048700002F064FA0020288103202871924D2878E4
:10488000800709D5002000900023592220690121CA
:1048900001400920ED68A8475921206906403000F1
:1048A000A268D2689047022007E028898021090287
:1048B000884201D103202871059815B0F0BDD5229A
:1048C0009200A218091A9177C1B20C2901D0FFF702
:1048D000B2F810680690002002907720019007201F
:1048E000009006AB0F22E9792000FEF73FFE7748E3
:1048F0002881E1E72000891AD5239B00C318997706
:10490000D1B20C2901D0FFF7FFF8002102917721E5
:1049100001910721009106AB0F22E979E5E70690A6
:10492000FFF75DF96A4610730C00FFF73DFAF8B522
:104930008CB014293CD10600F068002838D0C06B38
:10494000002835D0002569460D73FF200A3070839A
:10495000012405A8031D03AA04A9376901203840D2
:10496000F768FF6BB84704985949014004916846BD
:10497000007B401C694608730498059070680068C5
:104980008008044003D030698107C80F00E002208E
:10499000DF21890074180290032001906846007B93
:1049A000009005AB0F22E1793000FEF7DFFD2570A6
:1049B00002200DB0F0BD44498000081840684068EE
:1049C00001680807C00F70473F4980000818406819
:1049D000406800788007800F704738B542681368D8
:1049E0000424A3438C0004252C401C431460027C47
:1049F000D007C00F01F06FFF31BD81B0010014205E
:104A0000344A89180A78002A19D00A78920601D403
:104A1000032014E000220B78DB06DB0E012B04D010
:104A2000022B05D0042B06D008E011200A7105E006
:104A30001220012301E0132002230B710A7001B040
:104A40007047F8B50500E02080002E18308A224912
:104A500001400D2901D1102014E003241A20285E02
:104A600000282DD0401E012809D9801E09D0401EE3
:104A700009D0401E0B2802D90C3821D005E01120A6
:104A800000E00F2030701520F2BD0F4F38788007FE
:104A900009D50020009000235C22287CC107C90FA3
:104AA0000920FF68B8475C212A7CD007C00FAA689C
:104AB000D2689047686800684005400F032800D11D
:104AC00034700020F2BD0000C00200200F80000002
:104AD000FF7FFFFF7E0300001FF00000F3B581B0F1
:104AE00004002348C768007802210840E0218900BB
:104AF000661801250B21327CD206D20E521E152AD1
:104B000000D9C3E101A352009B5A9F448C032A00A1
:104B10007803780392007803AC001402D001780186
:104B2000B801780366007E037E0352035E02DC0256
:104B30004C0306033E039C0261680968890829400A
:104B400000D0AAE102216183002808D00020009053
:104B500000232B222069012101400920B8472B2185
:104B6000206905402800A268D268904798208BE110
:104B7000C002002003216183002808D0002000909B
:104B8000002332222069012101400920B847322147
:104B9000206905402800A268D2689047102073E180
:104BA000002808D000200090002333222069012132
:104BB00001400920B84733215EE106216183616825
:104BC00009688A082A4057D0002808D000200090A1
:104BD00000230C222069012101400920B847029FCF
:104BE0000C21226901201040A268D268904714204D
:104BF000387021690120084002F0A0F8002120004F
:104C0000FEF752FC052802D0002060833BE160687B
:104C100001684A05520F042A19D0A04A0A40A90285
:104C2000114301609E4F3878800709D5002000901D
:104C300000235A222069012101400920FF68B8475A
:104C40005A21226901201040A268D26890476583EA
:104C50009448B08016203070914E3078800709D586
:104C60000020009000230F2220690121014009202B
:104C7000F668B0470F21FFE020684068C008284070
:104C80006ED04C2000E121684968C908294016D03F
:104C900022213170002808D00020009000233C22FF
:104CA0002069012101400920B8473C2120690540C5
:104CB0002800A268D268904708206083F7BD60682A
:104CC000007880074DE0A068C06A002803D010205B
:104CD00060839D20D8E060680078800741E000286C
:104CE00008D00020009000232322206901210140E8
:104CF0000920B8472321226901201040A268D26808
:104D000090470F2021690906490F09D1A168896BD5
:104D1000002903D160680078800722E06083932037
:104D2000B2E06168096807220B0A1340032B17D110
:104D30008B082B4004D023685B68DB082B400FD026
:104D400062831D213170002808D0002000900023CC
:104D500006222069012101400920B84706218BE085
:104D60008807800F022824D02A208DE021680A8934
:104D7000D2082A421DD06268126892082A4003D1E4
:104D80004968C908294014D00A2161836321317020
:104D9000002808D00020009000234622206901212D
:104DA00001400920B847462166E021680A89D20AF5
:104DB0002A4271D06268126892082A4003D049687A
:104DC000C908294068D0FF21103161836421317006
:104DD000002808D0002000900023602220690121D3
:104DE00001400920B847602146E022681289520933
:104DF0002A4251D0618330213170002808D0002030
:104E0000009000234D222069012101400920B8476C
:104E10004D2131E02268128992082A423CD06183F8
:104E2000616809688908294001D02D2100E011211D
:104E30003170002808D0002000900023492220690A
:104E4000012101400920B847492115E02068008967
:104E5000C009284220D02F2016E0092060831BE0E3
:104E6000002808D000200090002359222069012149
:104E700001400920B8475921206905402800A2684F
:104E8000D2689047F7BD11203070F7BD6068007898
:104E90008007800F022800D13570F7BDFFF8FFFFB3
:104EA000C00200201D800000FEB504000220029018
:104EB000E02080002618308AA021490067180125CB
:104EC000C106C90E01292CD0022909D0032943D0DB
:104ED000062977D0072900D184E00F296DD08AE018
:104EE0003878797809024018B97809044018F978B7
:104EF00009064018009060680068800828407CD04F
:104F000004236A460621276901203840A768BF6943
:104F1000B8476583F089400401D00020F081092062
:104F20006AE0616809688908294066D10006810F36
:104F300022690120104000F08BFB308A4004400FB2
:104F400083003A000421276901203840A768BF691F
:104F5000B847658344204FE00020019000903878E6
:104F6000797809024018B97809044018F9780906D7
:104F700047186B4601AA0321206905402800A5684F
:104F80006D69A8470098042815D16068006840053D
:104F9000400F03280FD10198194988420BD1380FCF
:104FA00003D0052803D0082803D1292024E0272096
:104FB00022E02A2020E003201EE0200000F022F85A
:104FC00002901AE0206800890009284211D00423C9
:104FD0003A000B21206905402800A468A469A04775
:104FE0002C2009E020680089000A284201D03D20D9
:104FF00002E0357001E0112030700298FEBD000023
:1050000088130000FEB502210191032501240168E7
:1050100049684909214002D1C168002920D0A02156
:10502000490041180A784B781B02D2188B781B0470
:10503000D218C978090651180091CA0B224015D020
:10504000D5239B00C1508909294009D101684968CD
:10505000090A214004D0FEF72EFB052001904AE00A
:10506000416809680D40022D45D141E0C168002921
:105070003ED0096C00293BD0E02189004118098A03
:105080004904490F491ED522920082181177060063
:10509000002011E081007118A222520089180A78BC
:1050A0004F783F02D2198F783F04D219C978090688
:1050B000511882009950401CD62189007318091F8D
:1050C0007118097F8842E5D30099DC2080003218EE
:1050D000376901203840F7683F6CB847002803D093
:1050E000E0208000345406E0E0208000355402E0E7
:1050F000E021890044540198FEBD0000F8B5040089
:10510000A020400020180178407800020818E02113
:1051100089006618B083317CC906C90EB1770125B4
:105120000104890E01220A400104C90E090703D0B7
:10513000110001D03420BEE0C305DB0D00210704BF
:10514000FF0F0DD18E48221813803A271088814214
:1051500018D26018A1235B00C35CC355491CF5E756
:10516000F827FF01074007D1308A4004400F062886
:1051700000D8A4E01B2BFBD3002A00D09FE080487E
:10518000205A984200D39AE0B180372093E0182348
:105190001321276901203840A768BF69B847032059
:1051A0003070784E3078800709D5002000900023B9
:1051B00062222069012101400920F668B04762217E
:1051C000B2E006230921276901203840A768BF699A
:1051D000B847032030706B4E3078800709D5002027
:1051E000009000234E222069012101400920F66829
:1051F000B0474E2198E00123102120690540280086
:10520000A468A469A0473A2055E001230E21206933
:1052100005402800A468A469A0473B204BE0206813
:1052200000898009284248D002230C2120690540CA
:105230002800A468A469A0473C203CE0A1680F694D
:10524000002F3AD0038822003A32B17F206905400E
:105250002800B84738202EE021680989890A0FE024
:10526000A1680F69002F29D0038822003A32B17F4C
:10527000206905402800B847F1BD21680989490A1D
:1052800029421AD0A1680969002909D115E02168CD
:105290000989490A294211D0A168096900290DD05C
:1052A000038822003A32B17F206905402800A468B3
:1052B0002469A04703203070F1BD3570F1BDA120F5
:1052C000400022182E482018B17F491E0E29F4D81C
:1052D00001A349005B5E9F441C00E8FE1CFF30FFF9
:1052E00062FF44FF62FFA0FFB4FF7EFF86FFE0FF86
:1052F00062FF62FFB4FE18230821276901203840AD
:10530000A768BF69B847032030701E4E3078800709
:1053100009D5002000900023472220690121014087
:105320000920F668B0474721206905402800A26897
:10533000D2689047F1BD70B50400C248A10045583D
:10534000C1482E1800203070200001F0D0FC6868A1
:1053500001684A07D20F01D0142003E010220A434B
:1053600002603F20B0702869B849014080204000A9
:10537000084328612000A968896A884770BD000039
:105380004E030000C00200207047F3B583B0AD4863
:105390006946097B890044580025019560680168C9
:1053A000102291430160606801684A05520F17D0CE
:1053B000CB4A0A4002600126CA4F3878800708D5D8
:1053C000009500235A222069012101400920FF682D
:1053D000B8475A21206906403000A268D268904739
:1053E00020690221884320616583E0218843206190
:1053F000DF21890066183178002913D03570B94F44
:105400003978890707D5009500235B22C107C90FAA
:105410000920FF68B8475B21227CD007C00FA26833
:10542000D26890476846007C002800D12576B57088
:10543000F5717570606800684107C90F1DD020685C
:10544000007983079B0F012201216846007B01F050
:1054500025FA6068016808220A4302600220307160
:10546000042301AA02216846007BA768BF69B847E8
:10547000606800684107C90F27D120680079830759
:105480009B0F002200216846007B01F007FA60684C
:1054900001680822914301606846007C002801D120
:1054A0003E203071F5705005009004236A460721B4
:1054B0006846007BA768BF69B847042301AA022198
:1054C0006846007BA768BF69B847206800798007F5
:1054D000800F61680A6803239A4310430860A0485C
:1054E0002018002101804580E12080002018002242
:1054F00000230EC07B48C568002D0DD00078C00782
:105500000AD532797079904206D072710091207C70
:10551000C107C90F0420A8476846007B01F0E7FBDC
:1055200005B0F0BDFEB50400002001906068016880
:105530006C4F01264A05520F012A18D0684A0A40CA
:105540003102114301603878800709D500200090AE
:1055500000235A222069012101400920FD68A84743
:105560005A21226901201040A268D2689047DF20AA
:10557000800025180020E870E8712978002914D0EF
:1055800028703878800709D50020009000235B221E
:105590002069012101400920FF68B8475B21226989
:1055A00001201040A268D26890472169012008407C
:1055B000616809688908314014D0FFF7FCF9616817
:1055C000096803230B4002000121276901203840AC
:1055D00001F064F90220287160680168102291438B
:1055E000016019E0FFF7E7F96168096803230B40E0
:1055F0000200002127690120384001F04FF93E20C8
:1056000028713006009004236A460721256901208D
:105610002840A568AD69A847042301AA022125698D
:1056200001202840A568AD69A847E1208000201826
:105630000021002200230EC020690640300001F046
:1056400056FBF7BDC40200207E030000FFFCFFFFF5
:10565000F1B582B008007B4C6946097A890061186F
:1056600001914A6853681D68032103262E40864233
:1056700034D0B04200DB30000326B5430840284355
:1056800018605068036801251E40012E01D10026D4
:1056900000E001262027BB4376011E4306605068C8
:1056A000006801406846007A01F02DF920788007F3
:1056B0000BD5002000900023382201984068006933
:1056C000012101400920E468A0470198426838217F
:1056D0001069054028009268D2689047F7BD000025
:1056E000FFF8FFFFC002002038B5564C8500641952
:1056F0006468AE4D6419002906D0022908D005D38C
:10570000042909D006D309E0012108E0022106E0BE
:10571000042104E0082102E0102100E000212170B2
:1057200011886182002B01D101F016FB31BD10B54B
:1057300044498200891849689C4A8A1813782024B1
:105740001C4314708968896A884710BD3D498000F0
:1057500008184068406800684103C80F704700009F
:105760004E03000078B503000020364C9B00E31880
:105770005B680093E424A4001B5B5B045B0F5B1E6F
:10578000DBB2022B5CD90C784D782D0264198D7830
:105790002D046419CD782D06641914600D794E79A5
:1057A0003602AD198E793604AD19CE793606AD19AB
:1057B00055600D7A4E7A3602AD198E7A3604AD19DF
:1057C000CE7A3606AD199560DB1E1B0639D0157DE5
:1057D000FC232B4013750225A600760F022E23D939
:1057E000F61E012E02D9B61E0FD01CE001251D4366
:1057F00015750B7B4D7B2D025B198D7B2D045B1981
:10580000C97B09065918D1600EE01D4315750B7B45
:105810004D7B2D025B198D7B2D045B19C97B09061D
:105820005918116100E002200099E4229200895A7F
:105830000906890F022904D3A101490F042900D9BF
:10584000022072BDC0020020F0B5594B800018182C
:105850004068E4239B00C05A4004400F431E1B06CF
:1058600000200025107650769C0D0B00195C5E1C04
:10587000365C36028919167E76009153167E012118
:105880007700D75B002F02D0761C167601E0012549
:105890005176801CC0B21E5C5F1C3F5C3F02F61953
:1058A000177E7F00D653167E7700D75B002F02D07D
:1058B000761C167601E001255176801CC0B2A0420C
:1058C00001D22900D2D00020F0BDF8B584B0040088
:1058D0000D001E000A9F68468021114301720CA82A
:1058E0000078019000976846027A217CC807C00FB3
:1058F000290001F041F803960CA90E7809E0019601
:105900000097039B69460A7A21690840290001F043
:1059100033F803280BD1012061680968090B0140A5
:10592000EDD11120E02189006054102007E029000A
:105930000B9A009203000022200000F002F805B04C
:10594000F0BDF8B51C0010230569B14E2E4006616C
:10595000E025AD0045191F02052C06D0062C0CD001
:10596000072C11D0092C0BD01EE006992970016973
:10597000A84A0A400261002316E03743076113E09A
:105980003743076109230FE0002901D099200AE07D
:10599000406800684005400F042801D0012A01D169
:1059A0000F2000E0112028701800F2BD7E030000D7
:1059B000C0020020F8B586B004000220049096488A
:1059C00025183920002703261D21944AEB78312B16
:1059D00011D0332B78D0342B00D17FE0352B00D180
:1059E000B4E0362B00D1CAE0372B00D1CCE0382B05
:1059F00000D1FFE001E120001C30059069460F73E3
:105A000087496752874820180090217CC807C00F3B
:105A1000FFF79CFE012811D192208000201807700A
:105A2000477000980590012021690909014032D092
:105A3000616809688908014028D028E0A777E777DE
:105A4000217CC807C00FFFF781FE002803D1E07F4B
:105A500080210143E1777248201840881A2809D92B
:105A600070482018C05D21002031C8557F1C1A2FB6
:105A7000D9D2F5E76A48201841888F42D3D20099DD
:105A8000C95D22002032D1557F1CF5E7022069460E
:105A90000873332000E00320E1218900661869467D
:105AA000097B029101905E4820184088001D80B259
:105AB0000090059BF27E29782000FFF706FF002862
:105AC00001D1F08B608398E0E1239B00E3181A80FA
:105AD0000491D97E04295FD174205DE0E12080002B
:105AE0002018008B4004020F1A2050434C496118C3
:105AF0004988884201DA0A2A01D3EE707DE00A1A49
:105B00001A2A02D2091AC9B200E01A21002207E0BB
:105B1000444BE31886189B5D26002036B354521C74
:105B20008A42F5D323001C333D4820184288E120E7
:105B300080002018008B4004010F247CE007C00F78
:105B400001F0C2FB3520E870049756E02069C106D9
:105B5000C90F01D0362000E00320314966180297B2
:105B600001907088009023001C33E12080002018F1
:105B7000C27E69792000FFF7A8FE37803DE0E1236F
:105B80009B00E252049107E0E1208000205A80232C
:105B90001B02984202D10F20E8702EE0E120800025
:105BA0002018029002800491012621001C312269F4
:105BB0000120104001F0B1FB019701E000200190AD
:105BC0000620009023001C330298807E802202432E
:105BD000697927690120384000F0CEFE0300032BCD
:105BE0000ED160680068000B3040E7D11120E870EA
:105BF0001D2003E0EE700A482752049807B0F0BD5C
:105C000020003921009100226979FFF79AFEF4E71C
:105C1000FFEFFFFFFFDFFFFF7D0300001D8000009F
:105C20004E03000046020000F2B58CB004000220D2
:105C30000390B94EF1680191317808401127012590
:105C4000E0218900615C012900D108E218292FD0E8
:105C5000192959D01D2900D1C9E0272900D1EDE02B
:105C6000282900D1FAE0292900D109E12C2900D105
:105C700057E3302900D17BE23A2900D126E33B29C2
:105C800000D109E33C2900D1E2E2632900D1FFE120
:105C9000642900D134E2742900D1A7E2932900D10C
:105CA00009E1942900D10BE1952900D13AE159E3AA
:105CB000606800688008284003D020698107C80F09
:105CC00000E0022000901923082200212000FDF7A7
:105CD00018FC002800D048E3072060838F48E021AB
:105CE0008900611888801D2003903078800709D5CD
:105CF0000020009000230522206901210140092095
:105D0000F668B04705216AE20C980078112863D143
:105D1000E02080002018008AC10B31D14104490FD6
:105D20002ED0C006C00E04282AD18B00A02040002F
:105D300022180521276901203840A768BF69B847A4
:105D400014200C99087021690120084000F0F6FF2A
:105D50000320E021890060543078800709D50020B5
:105D60000090002307222069012101400920F768E3
:105D7000B8470721226901201040A268D2689047E5
:105D8000E02080002718388AF0210902014023D141
:105D9000C106C90E042901D010291DD114200C9967
:105DA000087021690120084000F0C8FF0320387006
:105DB0003078800709D50020009000230822206950
:105DC000012101400920F668B047082120690540FB
:105DD0002800A268D2689047E020800020188188BF
:105DE00080221202914201D103210170BDE204AB75
:105DF00005AA0121276901203840A7687F69B847B3
:105E0000002002900320019004988008009005ABC8
:105E1000042200212000FDF7A9FB0028E6D13078FC
:105E2000800709D50020009000230A222069012163
:105E300001400920F668B0470A21D0E167830521B7
:105E400020690540280000F041FFE0208000201874
:105E500028210170324941813A202FE0E020800062
:105E600026187089E903884209D105212069054077
:105E7000280000F033FF002070810320307074E2AE
:105E80000C980078112814D1E02080002018008A96
:105E9000C10B0ED14104490F0BD0C006C00E032820
:105EA00007D114200C99087020690540280000F0E3
:105EB00045FF678359E2200000F05AFA039054E24C
:105EC000606800688008284003D020698107C80FF7
:105ED00000E0022000909523092200212000FDF718
:105EE00010FB0028EBD10F2060830C48E0218900D3
:105EF000611888801D2003903078800709D5002024
:105F00000090002322222069012101400920F66827
:105F1000B047222163E100BFC00200201D800000C5
:105F20003A8000000326E021890061188988EA038D
:105F3000914203D1E0208000265416E20C990978A2
:105F40001429FAD0E02189006118098AF02212028E
:105F50000A4009D1CA06D20E032A06D0042A3AD032
:105F60000C2A38D0102A5BD0FFE161680A68D30898
:105F70002B4010D1082313430B60002809D00020C8
:105F80000090002325222069012101400920019F62
:105F9000B84725210FE008239A430A60002809D05A
:105FA00000200090002324222069012101400920C3
:105FB000019FB8472421226901201040A268D268BD
:105FC000904760680068C10829402269012010409C
:105FD00000F08CFC37E000280FD0C806C00E0C285B
:105FE00001D1262200E02722002000900023206912
:105FF000012101400920019FB847E02080002718B7
:10600000387CC006C00E0C2801D1262100E02721D3
:10601000226901201040A268D26890473E7015E0C6
:10602000002809D0002000900023282220690121A7
:1060300001400920019FB847282122690120104012
:10604000A268D2689047E0208000265414200C9962
:10605000087020690540280000F070FE85E10020EE
:1060600000900323102200212000FDF74AFA0028A7
:10607000F4D13078800709D5002000900023592200
:106080002069012101400920F668B0475921A6E0A6
:106090000020049004AB220020320821276901204F
:1060A0003840A7687F69B8470020A077E07721696A
:1060B00001200840FFF74AFB002803D1E07F802140
:1060C0000143E17700200290032001900498001D15
:1060D00080B2009023001C33012200212000FFF732
:1060E000F4FB3078800709D5002000900023482277
:1060F0002069012101400920F668B04748216EE07F
:106100000020049004AB22002032132127690120D3
:106110003840A7687F69B8470020A077E0772169F9
:1061200001200840FFF712FB002803D1E07F802107
:106130000143E17700200290032001900498001DA4
:1061400080B2009023001C330F2200212000FFF7B3
:10615000BCFB3078800709D5002000900023612225
:106160002069012101400920F668B047612136E02D
:106170000020049004AB220020320921276901206D
:106180003840A7687F69B8470020A077E077216989
:1061900001200840FFF7DAFA002803D1E07F8021D0
:1061A0000143E17700200290032001900498001D34
:1061B00080B2009023001C33022200212000FFF750
:1061C00084FB3078800709D50020009000234F22FF
:1061D0002069012101400920F668B0474F2120695C
:1061E00005402800A268D2689047BEE003260C98BC
:1061F0000078142822D0E02080002018008AC10BEB
:106200001CD14104490F19D0C006C00E052815D174
:106210000423A120400022180F21276901203840C3
:10622000A768BF69B847E0218900665414200C991B
:10623000087020690540280000F080FDE020800003
:106240002018818880221202914200D106708CE0D1
:1062500004AB220020320D21266901203040A668BF
:106260007669B0470020A077E077206905402800D4
:10627000FFF76CFA002803D1E07F80210143E1772A
:1062800000200290032001900498001D80B200902D
:1062900023001C3307223FE00020049005AB04AA32
:1062A0000F21266901203040A6687669B04705981D
:1062B000002857D00020029003200190009504ABE5
:1062C000052200212000FDF751F94EE004AB220029
:1062D00020321121266901203040A6687669B04736
:1062E000049800283ED00020A077E0772069054080
:1062F0002800FFF72BFA002803D1E07F802101431B
:10630000E17700200290032001900498001D80B2E4
:10631000009023001C33052200212000FFF7D5FA4E
:1063200023E0002809D0002000900023502220699B
:10633000012101400920019EB0475021226901201E
:106340001040A268D2689047002300220B212069E8
:1063500005402800A5686D69A8470320E021890051
:10636000605402E0E0208000255403980DB0F0BD99
:106370007CB504000125216901200840A168896BD2
:1063800088470A2843D100200090032303220021DC
:106390002000FDF7B6F8002846D160680268234E59
:1063A000317802231940D3082B4010D1082313431E
:1063B0000360002909D000200090002325222069D5
:1063C000012101400920F668B04725210FE008238C
:1063D0009A430260002909D0002000900023242263
:1063E0002069012101400920F668B0472421226973
:1063F00001201040A268D268904760680068C10818
:10640000294020690540280000F070FA0CE0E020E7
:1064100080002018616809788907890F022901D155
:10642000057001E02A210170022076BDC002002023
:10643000FEB5040002260196854D14200127E022B6
:106440009200A25C9D2A12D02ED39F2A00D185E013
:1064500058D3A12A00D1BAE000D2ADE0A32A00D1DE
:10646000F8E000D2D0E0A42A00D197E11CE06068F7
:106470000068B8214901014098204001814200D0C4
:1064800087E1216901200840A168C96A88470A2874
:1064900002D00D280AD028E09E20E0218900605417
:1064A0002069B102014321610198FEBD00200090E6
:1064B00003230C2200212000FDF723F80028F3D14C
:1064C0002878304209D00020009000234022206923
:1064D000012101400920ED68A847402120690740BB
:1064E0003800A268D2689047DEE7002000900323BE
:1064F000042200212000FDF704F80320E021890098
:106500006054D1E7002000909E2303220021200048
:10651000FCF7F7FF0028C7D160680068C00B38405F
:1065200009D0E020800020189F210170A3498180BC
:106530009620019003E0A020E02189006054287893
:10654000304209D00020009000233F222069012121
:1065500001400920ED68A8473F21BFE7E0229200F3
:10656000A2189288B3039A4200D112E10A78112A44
:106570009AD1E0229200A218128A914B1340062B66
:1065800092D1087021690120084000F0D7FBA06873
:10659000026B002A04D00021236901201840904793
:1065A00020698849014021610320E021890060546D
:1065B000287830421CD125E0A068026B002A04D064
:1065C00001212069074038009047A12096E700206C
:1065D00000900323062200212000FCF792FF0028F0
:1065E000CED120697749014021612878304209D015
:1065F000002000900023422220690121014009204F
:10660000ED68A847422169E700200090A3230B22F0
:1066100000212000FCF775FF0028B1D12169B002EC
:10662000084320616849E0229200A21891801D2150
:1066300001912978314208D00021009100233E22A7
:10664000012101400920ED68A8473E2146E700BF2F
:10665000C00200200A78112A12D1E0229200A2186A
:10666000128AF0231B0213400AD1564BD206D20ED7
:10667000032A06D0042A40D00C2A22D0102A58D04F
:106680007FE062681268D20B3A4001D09F2200E09E
:10669000A022E0239B00E2540870216901200840F9
:1066A00000F04CFB2878304209D0002000900023F5
:1066B0003F222069012101400920ED68A8473F21C0
:1066C00059E02269134023610322E0239B00E25436
:1066D000087021690120084000F030FB2878304222
:1066E00009D00020009000234022206901210140B0
:1066F0000920ED68A84740213DE02269134023614D
:106700000322E0239B00E254087021690120084025
:1067100000F014FB2878304209D0002000900023BC
:1067200041222069012101400920ED68A84741214B
:1067300021E062681268D20B3A4001D1A42203E042
:106740002269134023610322E0239B00E254087076
:1067500021690120084000F0F1FA2878304209D080
:1067600000200090002343222069012101400920DC
:10677000ED68A8474321206907403800A268D26825
:106780009047E020800020188088B103884200D024
:106790008AE620690B4901402161AEE6A068026BE0
:1067A000002A04D001212069074038009047606822
:1067B0000168B2030A430260EBE700009680000024
:1067C0001FF00000FFF7FFFF1D80000080B500F004
:1067D000BAF801BD81B064498000081841688A7A1E
:1067E000002A01D0521E8A724068018F002901D010
:1067F000491E018701B07047F7B582B01C0068469A
:10680000007A01283AD83C200EF06EFD56496A46BF
:10681000127A92008D186860002801D116202EE0AF
:106820000C9E0B9F01943C210EF024FD686800240F
:1068300004714471066084726968CC7269680C7373
:1068400069684C730F2203216868801D0EF01BFDE0
:1068500069688C736868049901630A99C1628762E8
:1068600003994163C47301200090019B6868026B27
:1068700004A16846007A07F01BFF00E0022005B083
:10688000F0BD0000E16E0008F971000855720008C3
:10689000637200087D7200087820704730B5324C72
:1068A000800020184068C48A304D254009028024A9
:1068B000640021402943C1822D4C0C40510120220B
:1068C00011402143C1822B4A0A409901C0230B4049
:1068D0001343C38230BD244A800010184068C28A26
:1068E000224B134009028022520008E01E4A800019
:1068F00010184068C28A1E4B1340490120221140E3
:106900001943C1827047184A800010184068C28A33
:10691000184B13408901C0220A401A43C2827047B3
:1069200080B507F00AFF01BD10B5040007F009FFAC
:106930000D48A100401840680621017110BD80B5C6
:1069400007F00CFF02BD80B507F00CFF01BD80B55C
:10695000012905D10449820089184968096800E0C5
:10696000012107F0F3FE01BDD4020020FFFE00006C
:10697000DFFF00003FFF0000F5B583B018000323E0
:106980000325A64A6C46247BA40014196268167974
:10699000062E02DD567A002E02D0167C012E01D181
:1069A0000E2616710B9E02906846017111790096B1
:1069B000062607200F2900D923E102A749007F5AA4
:1069C000BF4400BF20002E0042003E025200800063
:1069D000680010012C013E016C019E01C2013E02C3
:1069E0003802F0016846007B07F090FE606806718F
:1069F00009E16846007B07F0A0FE60680221017192
:106A000011210187FFE000980128EFD1108F0028A5
:106A10000AD105206AE000980228E7D16846007B89
:106A200007F09CFE0128F4D00920EDE0D08A80090F
:106A30000340022BEDD10098012802D00228E8D1B2
:106A400004208CE06946097CFF235372D68AC14B2F
:106A50003340CE06F60E1E43D68273045B0CCE097D
:106A6000F6031E43D682002393736268D68AF70B1F
:106A70001AD0029EB678029FFF783F02F6199683DD
:106A8000968BB70AFF071CD4F30A1B071AD16B4673
:106A90001B8D1B1F5384DB05DB0D968BFE273F02EE
:106AA00037403B4393830DE0B14F3740BC466E46C1
:106AB000368DB61EB608370306033E4067463E4392
:106AC000D68253840D2910D1D18AF0231B020B40AA
:106AD0000BD144E00020694609795118C8720F2291
:106AE00003216068801D0EF0CEFB082061685CE029
:106AF0006846038D029A0179007B00F03FF905009A
:106B000081E06846007B002801D1012000E00320DD
:106B100008F034F9012876D1EFF3108072B661687D
:106B20000A79092A01D10C220A7180F310886AE0DF
:106B30006946097951180091C97A578B7F0A074035
:106B4000B9420BD1937EDB06DB0E012B06D1491C2B
:106B500008400099C8726068067112E00C2010713C
:106B600051E0694609795118CA7A521C1040C8721E
:106B700060680671828B7F49114081837E4A0A409A
:106B8000828305253FE0917B491C91736168CA8A25
:106B9000920903271740012F00D002238A7B9342DA
:106BA00005D3C88AC00BA0D00F2008712BE00E714E
:106BB000072528E009201071022010756846007B27
:106BC000002801D1012000E00320BF4908F0A8F807
:106BD000BE480468002C08D06846008D0090029BD7
:106BE00068460279017B0220A0470C480388029A7C
:106BF00068460179007B07F090FD04E016710625D8
:106C000001E016711025280005B0F0BDB0498000E4
:106C1000081840680021417170470000D40200202C
:106C2000FEB506000324AA48B20085186868002251
:106C300002234779002F03D0022F40D033D341E005
:106C40006B461971C2736968CA7269680A736868A9
:106C500042730F2203216868801D0EF014FB06208A
:106C6000696808719948076868460079052806D15F
:106C7000002F0DD0002000900023052205E0002FFA
:106C800006D0002000900023062231000220B847E1
:106C900068460179300007F03AFD686801214171CA
:106CA0000521817210E0C17B012902D14371C273B9
:106CB0000AE0817A002907D14271042404E042717C
:106CC000002401E0427102242000FEBD80B50529A8
:106CD00002D107F026FD02BD102002BD80B50529B6
:106CE00003D1072107F022FD02BD102002BD70B5BF
:106CF00004007748A10045186868002606714671AF
:106D000086726868C67268680673686846730F2280
:106D100003216868801D0EF0B6FA6868867368689B
:106D2000C67368680674686825214654200007F019
:106D3000EDFC200000F002F870BD704710B50400B3
:106D400007F014FD6248A10040184068002101745A
:106D500010BD0000E0FF000010B5040007F00AFDC0
:106D60005B48A100401840680121017410BD00007B
:106D7000FF8F0000FF870000FFFB0000F3B581B02C
:106D800015001C0052486946097989004318586863
:106D9000C18AC90B59D0818B8A0AD2074ED4428C42
:106DA0001B2A01D3CE0B40D14E04360F06D1FE264E
:106DB00036020E40D105C90D31438183C28A45494F
:106DC0001140C1820026828BD20B2BD0428C921CA8
:106DD00092081203E024E40114400C43C482408C66
:106DE000801C8707BF0F17D0002004E02A1D648C89
:106DF00064181655401C5C68C1B20422D21B914233
:106E0000F4D3E18A33480840090B491C0903E02206
:106E1000D2010A400243E2825868C08A4004400F0F
:106E20008400A41C5868468408E0C18AE022D2018C
:106E30000A43C282418C1A3941841E245868808BCF
:106E4000A8705868808B000AE8706846067A58680F
:106E50008119CA7AC78A204939405702E0221201B3
:106E60003A400A43C282300003D01C4810402870C8
:106E700002E02A705868C08A000A687014480480CA
:106E80005868092101710221017510480768002F17
:106E900007D0A0B200902B00320068460179022092
:106EA000B84768460079002801D1012000E003209E
:106EB000CE4907F035FFA3B22A00310068460079B9
:106EC00007F02BFC0320FEBDC4090000CC0200200B
:106ED000D4020020FF8F0000FFF10000DFFE000061
:106EE000F3B583B0C2480788C2486946097B890068
:106EF00046187068016B0A784978090251186A4689
:106F00009180036B9878D978090245186846E9059D
:106F1000C90DC180CC48046868468088C00B06D083
:106F20002804C00F03D1002C0FD0081D07E0002C4F
:106F30000BD0684680884004400F8000801C009081
:106F40006846027C017B0120A0477068C9496A46F7
:106F500092880A40012A05D10A210171694689886F
:106F6000418341E16A46127C42726A46127C029277
:106F700000246A46928811400D290AD1029A80188D
:106F8000C4720F2203217068801D0EF07CF97168B5
:106F90000C71B948384001210143C948084069468D
:106FA000097C00290BD17168CB8A01225F0901217C
:106FB00039401B0A1A404901014310020843C149E4
:106FC0000140684680880006800F022802D208002F
:106FD00040210143C905C90D68468288E0200001AF
:106FE0001040084372681076000A7168487670682D
:106FF0000121017594490F68002F08D002210091EA
:10700000030018336846027C017B0220B847022344
:10701000726818326846017C007B07F07EFB00280E
:107020009FD17068811D029A8918009169468988EC
:107030004A0A0721009B1B7807271740BB4200D153
:10704000D1E007201040009A10707768386B827882
:10705000C3781B02D21803791B04D21840790006AA
:1070600010186A469288120B0A4211D06A4692881A
:10707000D206D20E032A0BD1000F082801D0002817
:1070800006D1012301AA6846017C007B7C6BA7E046
:1070900068468088388468468088C00B6ED0280493
:1070A000C00F6BD0FD830F206A469288120B1140EF
:1070B000F822D2012A402FD1072903D36946C98873
:1070C0001A291BD82904C90E08401A21414308E097
:1070D0007068026B121D125DC06A6318C254641C92
:1070E000A4B2684680884004400F8000801E84421D
:1070F000EED36946C988884261D262E00120252129
:1071000078547068016B091D095DC06A0155641CE3
:107110001A2CF6D31A2054E0BA6A12888900511842
:10712000891EFF239B1D1A329A4228D26A46D288B2
:10713000914224D201212522B9542904C90E0840C4
:107140001A21414307E0026B121D125DC06A6318E9
:10715000C254641CA4B270686A4692885204520FEA
:107160009200921E9442EED3806A01886A46928809
:10717000920A1C2313409A1E8918018029E0994223
:1071800023D26A46D28891421FD301212522B954C5
:107190002904C90E08401A21414308E07068026BB7
:1071A000121D125DC06A6318C254641CA4B2684602
:1071B00080884004400F8000801E8442EED36846E1
:1071C000C0887168896A088003E025217C54706852
:1071D0000471002301AA6846017C007B7468646B1B
:1071E0002468A04700E0047505B0F0BD102700003A
:1071F00080780108D4020020F8B505000E0061482F
:10720000A9004418002061688919C8720F2203215F
:107210006068801D0EF037F806206168087128004C
:10722000FFF79AFD08480768002F06D0002000905D
:107230000023320029000120B8473100280062688D
:10724000526B92689047F1BDCC02002080B5FFF7E9
:1072500075FD01BD4B498000081840680121C173CC
:10726000704780B5474B82009A185268526BD268BB
:10727000904701BD1FF00000E0FF000038B5050099
:107280004048A90044186168087D012802D00228FE
:1072900005D010E02800496B496888470BE02800BA
:1072A00007F030FA002D01D1012200E00322010095
:1072B000100007F035FD00206168087531BD000041
:1072C000DFFE00003FFF000070B52E4C800020184C
:1072D000406880242402858B2B4E2E40C902314306
:1072E000FE252D020D40D105C90D2943214381837F
:1072F000C18A0C43C482254A22402021415CC90630
:10730000C90E1143C1821970C18A090A5970818B53
:107310009970808B000AD87070BD10B5194A800032
:1073200010184068838B842212021A4382838623BA
:107330001B021340C28BD20A521CD202F024E40179
:1073400014401C438483C28A114B134090221202C2
:107350001A43C2820D4B13402022825CD206D20E09
:107360001A43C282062303710A70C28A120A4A7043
:10737000828B8A70808B000AC87000200871487167
:1073800010BD0000D4020020FF830000E0FF0000D9
:10739000FF8F00000023C25C0133002AFBD1581E7E
:1073A0007047000002B4714649084900095C490071
:1073B0008E4402BC7047C04603B471464908400081
:1073C0004900095E49008E4403BC704703B471460E
:1073D000490840004900095A49008E4403BC7047DF
:1073E000002243088B4274D303098B425FD3030A04
:1073F0008B4244D3030B8B4228D3030C8B420DD317
:10740000FF22090212BA030C8B4202D312120902A4
:1074100065D0030B8B4219D300E0090AC30B8B42E2
:1074200001D3CB03C01A5241830B8B4201D38B0390
:10743000C01A5241430B8B4201D34B03C01A524135
:10744000030B8B4201D30B03C01A5241C30A8B4278
:1074500001D3CB02C01A5241830A8B4201D38B0263
:10746000C01A5241430A8B4201D34B02C01A524107
:10747000030A8B4201D30B02C01A5241CDD2C30979
:107480008B4201D3CB01C01A524183098B4201D3F5
:107490008B01C01A524143098B4201D34B01C01AE0
:1074A000524103098B4201D30B01C01A5241C30858
:1074B0008B4201D3CB00C01A524183088B4201D3C7
:1074C0008B00C01A524143088B4201D34B00C01AB3
:1074D0005241411A00D20146524110467047FFE71F
:1074E00001B5002000F0F0F802BDC0460029F7D039
:1074F00076E7704703460B437FD4002243088B4254
:1075000074D303098B425FD3030A8B4244D3030B2A
:107510008B4228D3030C8B420DD3FF22090212BAEF
:10752000030C8B4202D31212090265D0030B8B426B
:1075300019D300E0090AC30B8B4201D3CB03C01A55
:107540005241830B8B4201D38B03C01A5241430B30
:107550008B4201D34B03C01A5241030B8B4201D320
:107560000B03C01A5241C30A8B4201D3CB02C01A8B
:107570005241830A8B4201D38B02C01A5241430A03
:107580008B4201D34B02C01A5241030A8B4201D3F2
:107590000B02C01A5241CDD2C3098B4201D3CB0199
:1075A000C01A524183098B4201D38B01C01A524148
:1075B00043098B4201D34B01C01A524103098B424C
:1075C00001D30B01C01A5241C3088B4201D3CB0037
:1075D000C01A524183088B4201D38B00C01A52411A
:1075E00043088B4201D34B00C01A5241411A00D2CA
:1075F00001465241104670475DE0CA0F00D0494233
:10760000031000D34042534000229C4603098B42A2
:107610002DD3030A8B4212D3FC22890112BA030A2A
:107620008B420CD3890192118B4208D389019211AC
:107630008B4204D389013AD0921100E08909C30931
:107640008B4201D3CB01C01A524183098B4201D333
:107650008B01C01A524143098B4201D34B01C01A1E
:10766000524103098B4201D30B01C01A5241C30896
:107670008B4201D3CB00C01A524183088B4201D305
:107680008B00C01A5241D9D243088B4201D34B0020
:10769000C01A5241411A00D20146634652415B1062
:1076A000104601D34042002B00D549427047634643
:1076B0005B1000D3404201B5002000F005F802BD88
:1076C0000029F8D016E770477047C0468446101C62
:1076D00062468C46191C634600E0C0461FB501F0A7
:1076E000DFFD002801D40021C8421FBD10B501F004
:1076F00039FD4042013010BD10B501F0D1FD002828
:1077000001DB002010BD012010BDC04610B501F006
:10771000C7FD002801DD002010BD012010BDC046BE
:1077200010B501F059FD002801DC002010BD01203A
:1077300010BDC04610B501F04FFD002801DA002051
:1077400010BD012010BDC0468446081C6146FFE7FD
:107750001FB500F0F7FA002801D40021C8421FBD70
:1077600010B500F089FA4042013010BD10B500F0AC
:10777000E9FA002801DB002010BD012010BDC04641
:1077800010B500F0DFFA002801DD002010BD012057
:1077900010BDC04610B500F095FA002801DC0020AD
:1077A00010BD012010BDC04610B500F08BFA0028B6
:1077B00001DA002010BD012010BDC046002B11D100
:1077C000002A0FD1002900D1002802D00021C9438E
:1077D000081C07B4024802A14018029003BDC0462D
:1077E000E9FEFFFF03B4684601B5029800F03CF8DB
:1077F000019B9E4602B00CBC7047C0469E2110B54E
:10780000C905041CFFF7D0FF002803D1201C00F09D
:10781000AFFD10BD9E21201CC90500F0F5FB00F056
:10782000A7FD80231B069C466044F2E770B500224A
:107830000C4B04000D00FFF77DFF002804D1200051
:10784000290002F045FB70BD064B002220002900F4
:1078500002F008F802F03CFB80231B069C466044C3
:10786000F1E7C0460000E041F0B557464E464546B8
:10787000DE46E0B5040083B00D00924699468B4287
:107880002FD82CD04946504602F0CAFC29000600E9
:10789000200002F0C5FC331A9846203B9B4600D5D9
:1078A00074E053465A4693401F0053464246934065
:1078B0001E00AF4229D826D05B46A41BBD41002B39
:1078C00000DA79E0002200230092019301235A4656
:1078D00093400193012342469340009319E0824272
:1078E000D0D900220023009201930C9B002B01D0E1
:1078F0001C605D600098019903B03CBC90469946BD
:10790000A246AB46F0BDA342D6D900220023009286
:1079100001934346002BE8D0FB0772081A43464602
:107920007B080EE0AB4201D1A2420CD8A41A9D41C3
:10793000012024196D410021013E24184D41002EE3
:1079400006D0AB42EED9013E24196D41002EF8D18C
:107950005B460098019900196941002B22DB2B003E
:107960005A46D3402A004446E2401C005B461500BC
:10797000002B2CDB26009E40330026004746BE40ED
:107980003200801A994100900191AEE742462023CF
:107990009B1A5246DA40414613004A468A40170075
:1079A0001F4382E7424620239B1A2A0046469A40FC
:1079B0002300F3401343D5E74246202300219B1ABE
:1079C0000022009101920122DA40019282E74246B0
:1079D000202326009B1ADE402F00B44697406646BF
:1079E0003B003343C9E7C046F0B557464E46DE4636
:1079F0004546E0B544024300C60F83B00F1C640A3D
:107A00001B0EB24653D0FF2B27D08022E400D204B5
:107A100014437F22524290469844002399469B4645
:107A20007D027800FB0F6D0A000E009324D0FF2822
:107A300046D080230021ED00DB041D437F384746FC
:107A4000381A4F460F43BF00B9463300009A874F9C
:107A500053404A46BA5801939746002C4ED108230A
:107A60009946F7339846FD3B9B467D027800FB0F15
:107A70006D0A000E0093DAD1002D26D100200121DD
:107A80003300009A7A4F53404246101A4A460A433E
:107A90009200BA581D009746009B2C009A468B46D0
:107AA0005B46022B31D15346FF21002438E0002CE5
:107AB00017D1042399460023984601339B46AFE72C
:107AC000FF20002D0BD10221DAE7280002F08AFB0B
:107AD000431F9D4076235B42181A0021AFE7032124
:107AE000ADE7200002F07EFB431F9C4076235B4203
:107AF0001B1A9846002399469B4691E70C2399460A
:107B0000F3339846FC3B9B468AE7032B00D1A5E064
:107B10005546012B00D081E00123002100242B4099
:107B20006402C905600ADB070843184303B03CBC84
:107B300090469946A246AB46F0BD80240023E4035C
:107B4000FF21EDE7FF210024EAE70123591A1B2951
:107B500066DD019A134000210024E1E78023DB0366
:107B60001C4238D01D4251D01C436402640A3300C9
:107B7000FF21D5E763016C01A3423BD21B26002104
:107B8000013801251F0049005B00002F01DB9C42EA
:107B900001D81B1B2943013E002EF3D11C00631E9C
:107BA0009C410C4301007F310029CEDD630704D0E6
:107BB0000F232340042B00D00434230103D50100FC
:107BC0002C4B80311C40FE290DDD0123019AFF2141
:107BD00013400024A4E78023DB031C436402640AEF
:107BE0003300FF219CE70123019AA401640AC9B272
:107BF000134095E71B1B1A260121C2E7009B8B4609
:107C00009A4600244CE76302E5D500258024E4036E
:107C10002C436402640A009BFF2181E70195C1E7C0
:107C200023002020CB40411A8C40611E8C411C4314
:107C3000630704D00F232340042B00D004346301D6
:107C400005D50123019A01211340002468E701238F
:107C5000019AA401640A1340002161E78023DB0339
:107C60001C436402640A5346FF2159E784780108E3
:107C7000C4780108FFFFFFF770B5420045024E02CD
:107C80004C00C30F6D0A120E760A240EC90F012094
:107C9000FF2A06D0FF2C03D0A24201D1B54206D064
:107CA00070BD002DFCD1FF2CFAD1002EF8D18B42F3
:107CB00006D00120002AF3D12800451EA841EFE795
:107CC0000020EDE7F0B5420045024C02C30F48002A
:107CD0006D0A120E640A000EC90FFF2A1ED0FF287B
:107CE00021D0002A0AD16E426E41F6B200280FD18F
:107CF000002C0DD10020002D09D005E0002801D175
:107D0000002C01D08B4211D0012158420843F0BD14
:107D1000002EF7D0012001390843F8E7002DDED00E
:107D200002204042F3E7002CDBD0F9E78242EBDC93
:107D300004DBA542E8D80020A542E8D20121581E64
:107D40000843E4E7F0B542004D024C004602760AD3
:107D5000120EC30F6D0A240EC90FFF2A16D0FF2C76
:107D600018D0002A0AD170427041C0B2002C15D040
:107D7000002805D0012001390843F0BD002C13D0A4
:107D8000994214D001205B421843F6E70220002EEE
:107D9000F3D1E4E70220002DEFD1E2E7002DE7D197
:107DA0000020002EE9D0EDE7002DE9D1EAE7A2425C
:107DB00006DCDFDBAE4203D80020AE42DAD3DCE7DC
:107DC000012049420843D8E7F8B557464E46454694
:107DD000DE46E0B54702460088467F0A360EC40FED
:107DE000002E47D0FF2E24D0FB008027FF041F4326
:107DF000002399469A467F3E43465D025800DB0FBA
:107E00006D0A000E984643D0FF283BD0EB0080253A
:107E10000022ED041D437F383618731C41469B46F3
:107E20004B46614013430F2B64D875489B00C358E1
:107E30009F46002F42D108239946063BFF269A46CB
:107E4000DAE74146022A28D0032A00D1CEE0012AEF
:107E500000D0ACE0114000200022CCB24002D2059C
:107E6000400AE407104320433CBC90469946A24692
:107E7000AB46F8BD002F15D104239946033B0026DD
:107E80009A46B9E7FF200222002DC5D00322C3E79E
:107E9000002D19D100200122BEE70124FF220C4051
:107EA0000020DBE7380002F09DF97626431F9F4053
:107EB00000237642361A99469A469DE70C23994646
:107EC000093BFF269A4697E7280002F08BF9431FEB
:107ED0009D4076235B42181A00229DE780200024F3
:107EE000C003FF22BAE73D005246ABE73D00210048
:107EF0005246A7E73B0C9C462A04120C2B0C14009C
:107F0000604665463F043F0C7C4342435D437B43F0
:107F1000270C9B18FF18BA4203D980235B029C46AA
:107F2000654424043A04240C121993015C1EA341F5
:107F30003F0C920E7D191A43AD0115432B0104D558
:107F400001235E466A081D40154332007F32002A35
:107F500025DD6B0704D00F232B40042B00D0043504
:107F60002B0103D53200274B80321D40FE2A94DCC2
:107F70000124A801400AD2B20C406FE78020C00360
:107F8000074207D0054205D128434002400A444633
:107F9000FF2263E738434002400AFF225EE70124E4
:107FA000A31A1B2B05DD0C400022002056E75E467D
:107FB000CBE72A002020DA40C31A9D402B005D1E2B
:107FC000AB4113435A0704D00F221A40042A00D0B1
:107FD00004335A0104D5012401220C4000203DE75E
:107FE00001249B01580A0C40002237E7802001241D
:107FF000C00328434002400A0C40FF222EE7C0463F
:1080000004790108FFFFFFF7F0B54F46D646464614
:108010004400C0B5C20F47024802400A8446664683
:108020007B0A4800C90F9A46240E1500DB00000E9B
:108030008946F600FF2800D18FE001214F464F40CE
:108040003900914266D0221A002A00DC9DE0002807
:108050003DD1002E00D18BE0511E002900D0B5E0AB
:1080600001249B1B5A0144D59B019F09380002F053
:10807000B9F805388740844200DD96E0041B3A00D9
:1080800020200134E240041BA7403B005F1EBB419F
:10809000002413435A0704D00F221A40042A00D0A8
:1080A00004335A0127D50134FF2C00D179E0012295
:1080B0009B015B0AE4B22A405B02E405580AD2073E
:1080C000204310431CBC90469946A246F0BDFF2CAD
:1080D000E0D08021C9040E431B2A7BDC3100202024
:1080E000D140821A9640721E96410E439B1B5A0144
:1080F000BAD45A07D0D10122DF082A40FF2C33D14D
:10810000002F00D1A8E08023DB033B435B025B0A26
:10811000FF24D1E7211A00294CDD00282AD0FF2CAA
:10812000B8D08020C00406431B2900DDAFE030003A
:108130002027C840791A8E40711E8E4106439B1934
:108140005901D6D50134FF2C00D185E001227A49AE
:108150001A405B080B4013439CE7002E00D070E7E9
:108160006BE73B1EC5D100227B025B0AE4B2A3E7AA
:1081700014008FE7002E4DD0481E002857D19B19C0
:1081800001245A01B5D50224E0E7002A25D1621C5A
:10819000D2B2012A72DD9F1B7A0135D5F71A0D0084
:1081A00064E7012200232A4086E73B00634A241A41
:1081B00013406FE700296CD1611CC8B201284EDD65
:1081C000FF2949D09B195B080C0063E7FF2A41D0C7
:1081D0000A0081E701269B1B89E7002C1CD0FF28A1
:1081E00021D08024E404524223431B2A00DD96E080
:1081F0001C002025D440AA1A93405A1E93412343C1
:10820000F31A04000D002DE7002F00D02EE7002206
:108210000024A9E70C003DE7002B58D0D243002AE8
:10822000EED0FF28E1D13300FF240D0032E7FF2913
:1082300010D0010078E7002B6ED0FF24002E00D173
:1082400028E780225146D203114203D061461142F1
:1082500000D13300FF241DE7FF2400232CE7002C6E
:10826000E9D1002B63D0002E00D113E79B195A01EE
:1082700000D43EE7314A0C0013400BE7002C1ED11E
:10828000002B2FD1002E4FD033000D0002E7012626
:1082900055E7002C1FD1002B43D0C94300290BD038
:1082A000FF2839D01B2944DC1C002027CC40791A38
:1082B0008B40591E8B4123439B19040040E7002B40
:1082C0001AD1002E24D180270022FF031BE73300A0
:1082D00004000D00DEE6FF281ED08024E40449429D
:1082E0002343DFE7002E00D1D4E69F1B7A0100D4A0
:1082F00037E7F31A0D00CDE6FF24002E00D1C9E6C2
:1083000080225046D2031042A4D060461042A1D130
:1083100033000D00FF24BDE63300FF24BAE601233D
:108320006EE733000400B5E6002700221CE73300A7
:10833000B0E60123C0E7C046FFFFFF7DFFFFFFFB64
:1083400042024B0240004900520A000E5B0A090E2D
:10835000FF2803D00020FF2906D07047FE38002AEE
:10836000FBD10020FF29F8D11800431E9841F4E703
:1083700041024300C20F490A1B0E00207E2B0DDD77
:108380009D2B0CDC802000040143952B0ADC9620F9
:10839000C31AD9404842002A00D108007047034B55
:1083A000D018FBE7963B9940F4E7C046FFFFFF7FFC
:1083B00070B5002830D0C317C4185C40C50F20002A
:1083C00001F010FF9E231B1A962B0DDC9622D21A69
:1083D00094402A006402640ADBB26402DB05600A8E
:1083E000D2071843104370BD992B19DC9922D21A79
:1083F000002A29DD94402200144C1440510704D077
:108400000F210A40042A00D00434620113D4A401CD
:10841000640ADBB22A00E0E7002200230024DCE744
:1084200005222100121AD140B922D21A9440621EAC
:1084300094410C43DAE7054B2A001C409F23A4011A
:108440001B1A640ADBB2C8E72200D5E7FFFFFFFB77
:1084500010B5041E27D001F0C5FE9E231B1A962BD3
:108460000ADC9622D21A94406402640ADBB26402E7
:10847000DB05600A184310BD992B17DC9922D21A2C
:10848000002A27DD94402200134C1440510704D0E9
:108490000F210A40042A00D00434620112D4A4013E
:1084A000640ADBB2E3E700230024E0E7B9222100FD
:1084B000D21A91400A00511E8A410521091ACC4066
:1084C0001443DBE7044B1C409F23A4011B1A640ADE
:1084D000DBB2CCE72200D7E7FFFFFFFBF8B545464C
:1084E000DE4657464E460C03E0B54E00C90F88469F
:1084F0000D00610A440F0C43C70019035800DB0F3D
:108500009B464B0A510F0B43760D400D1900D200CC
:10851000D84500D1AEE0351A002D00DCF6E0002889
:108520000FD1134300D1DBE06B1E002B00D037E1ED
:10853000BA1A9742BF41641A7F42E41B0126170012
:1085400024E0C64B9E424DD080231B041943382D96
:1085500000DD07E11F2D00DD38E12020431B9A4696
:108560000B0050468340994613004846EB401843A1
:10857000030050468240501E8241E9401A43BA1A15
:10858000611A9742A441170064420C1B230262D572
:108590006402650A002D00D1DFE0280001F022FE10
:1085A0000300083B1F2B00DDD2E020223C00D21A42
:1085B0009D40D4409F4025439E4200DDC4E09E1B69
:1085C000731C1F2B00DDF1E0202238002900D21A95
:1085D000D840914097402C000143781E8741DC40F1
:1085E00000260F437B0709D00F233B40042B05D007
:1085F0003B1DBB42BF417F42E4191F0023022CD523
:10860000964B01369E4200D19AE04546944BFF08B6
:108610001C406007760564020743240B760D002199
:108620002403230B0C0D8F4A24051C4314403305EF
:1086300023435B00ED075B082B43380019003CBC6B
:1086400090469946A246AB46F8BD6446044300D125
:1086500011E2040067467B07C6D145466007FF0864
:108660000743E4087D4B9E4230D024037605240B5B
:10867000760DD4E7331A9A46002B78DD002831D0E6
:1086800076488642AED08020000401435346382B02
:1086900000DCE9E00A43511E8A410021D219BA42A6
:1086A000BF4109197C4217000C192302D3D56B4B2B
:1086B00001369E4200D13AE10120694B1C407B0803
:1086C00007401F43E007074364088BE723003B4351
:1086D00000D1CBE18022120314432403240B9EE734
:1086E0002E007FE70800104300D1B4E0581E002898
:1086F00000D0DEE0BA18BA429B4164185B42E4182D
:10870000170001262302A6D50226D5E7002D6ED13B
:10871000701C4005400D012800DCF9E0B81A8446C1
:1087200087428041E51A40422D1A280200D489E090
:10873000D71BBA4292411C1B5242A51AD84629E7C0
:108740004546002400276AE7454CF61A2C4049E7C5
:108750003D002838854000272EE7380001F042FD13
:1087600020301DE70A43511E8A41002107E7002BF4
:1087700000D0F3E0701C43055B0D012B00DCADE085
:10878000364B984200D1D1E0BA18BA42BF416418C2
:108790007F42E419E707520817436408060021E7FF
:1087A0002E48854200D193E01D00D0E629001F3EEF
:1087B000F140202B00D18DE04022D31A9D402F4361
:1087C0007D1EAF4100240F43002644E72B00080024
:1087D000203BD8400300202D00D17DE04020451BE8
:1087E000A9400A43511E8A4100211A43C7E6002EC0
:1087F00050D01A4EB04257D080266B42994636046C
:1088000034434B46382B00DDD6E01F2B00DD35E12D
:108810002026F51A2600AE40B2463E00DE40AC46A9
:10882000350056462E436546AF407D1EAF41DC40C5
:108830003743D71BBA4292410C1B5242A41A06007E
:10884000D846A3E6644667462C4300D0A2E600253E
:108850000026002706E71E00C4E6C046FF0700000A
:10886000FFFF7FFFFFFF0F801F2B63DC2020C31A59
:10887000080098409C46834653461000D8400300A9
:108880005846184363469A40531E9A415346024342
:10889000D94003E726003E4306D0EB439946002B20
:1088A000C7D0944EB042ACD10C0017000600D84699
:1088B00098E6904B9A450BD08246E7E6002800D018
:1088C0009EE01800104300D1E9E01C001700D846D4
:1088D000884E87E6002572E7002182E723003B43AC
:1088E000002E00D0ABE0002B00D1E7E00B001343DB
:1088F00000D177E6BA18BA42BF4164187F42E41942
:10890000230200D4F2E07C4B17001C40060069E60D
:1089100020003843002ED1D100285BD11C00144325
:1089200000D1A8E01C001700D8465BE60600002432
:10893000002797E650460B002038C340994653461F
:10894000202B00D195E0402350461B1A99400A4342
:10895000511E8A414B4600211A439FE6002E30D11A
:1089600026003E4367D0DB439A46002B1CD0614E65
:10897000B04260D05346382B00DD96E01F2B00DD5F
:108980009FE02026F31A26009E409C46B34653469D
:108990003E00DE4033005E461E4363469F407B1E22
:1089A0009F415346DC403743BF18974292416418B9
:1089B0005242A418060078E627437C1EA7410024F3
:1089C00037E74C4EB04236D080265B4236049A469A
:1089D0003443CFE71800104300D103E6B81A8446A9
:1089E0006745AD41E01A6D42401B050200D42CE6FC
:1089F000D71BBA4292411C1B5242A41AD846F1E539
:108A00001800104300D163E7F80867070743802088
:108A1000E4080003044208D0DD08054205D1D2086D
:108A2000590711430F002C00D8467B0FE4001C436C
:108A3000FF00304ED6E50C0017000600D2E5002BF3
:108A400038D00B00134300D142E7F808670707430B
:108A50008020E40800030442E7D0CB080342E4D1BD
:108A6000D208490711430F001C00DEE7002700244D
:108A7000D5E500216BE700250027F3E54E462500EC
:108A8000203EF5404B462E00202B2DD04025ED1AE0
:108A9000AC4027437C1EA74100243743C9E680240D
:108AA00000252403134E0027DCE527437C1EA74145
:108AB000002479E70C0017000E4E93E50C00170018
:108AC00090E556462300203EF34099465346202B1E
:108AD0000ED0402356469B1B9C4027437C1EA7413B
:108AE0004B4600241F435FE70024D2E71700B2E59E
:108AF0000024F2E7FF070000FFFF7FFFF0B55746B5
:108B00004546DE464E46E0B54C000E0387B0834630
:108B100092461D008046360B640DCF0F002C4FD0BF
:108B20006F4B9C4235D08023420F1B04F600134349
:108B300033439946C30098466A4B00269C4600235F
:108B4000644403932B031B0B9B466B00ED0F5046B5
:108B50005B0D01955ED0624A934253D05A46D100D4
:108B60008022400F120402430A4393465246D1002A
:108B70005C4A944600226344380068408446029070
:108B8000E41A16430F2E00D9B4E0574BB6009B5998
:108B90009F460300334399466CD100239846023325
:108BA00008260393CEE7CB464146039A0197022A53
:108BB00065D1019B4A4C9C460023002298466BE0FD
:108BC0000300334399464ED0002E00D1BCE1300063
:108BD00001F008FB03000B3B1C2B00DDACE11D2268
:108BE000D31A5A460100DA4008398E401300334345
:108BF00099465B468B40984600233C4C0026241A3D
:108C000003939FE751465A46114329D100229346C8
:108C10000232B1E7594601431ED05B46002B00D11A
:108C20009EE1584601F0DEFA03000B3B1C2B00DDF1
:108C30008FE102005946083A91408B461D21CB1A1C
:108C40005146D9400B0059460B4351469B46914033
:108C5000264B00221B1A8FE7002301229B468BE73D
:108C60005146032288E70023984601330426002456
:108C7000039367E70323B14603930C2662E7032AB5
:108C800000D15CE2019B012A00D0E4E113409C4644
:108C9000002300240022984600211203130B0A0D22
:108CA00012051A432305124C4046224013436246E4
:108CB0005B00D2075B081343190007B03CBC904629
:108CC0009946A246AB46F0BD002380229C46120383
:108CD0009846034CE0E70023014C00229846DBE76E
:108CE000FF07000001FCFFFF447901080DFCFFFFB6
:108CF000FFFF0F80D94500D939E100D134E10023CD
:108D000046464D469A46013C5B460A0E1B021A43F4
:108D10000B02170C039313041B0C39002800904618
:108D20000193FEF75DFB0200019B83465A43280036
:108D300039009146FEF7DAFB350C09040D43A945CD
:108D40000DD95B464544013BA84500D93AE1A94508
:108D500000D837E102235B429C464544E3444B463E
:108D6000EB1A390018000493FEF73AFB019B05004B
:108D70004343390004989946FEF7B8FB33040904CD
:108D80001B0C0B43994509D943446A1E984500D9E9
:108D90001AE1994500D817E1023D43444A469B1A1F
:108DA0005A4612042A4303999346100C0A0C914622
:108DB00009045A46090C4E460D001204120C454394
:108DC000059151437243704352190E0CB2189542EB
:108DD00003D980256D02AC466044150C09041204C9
:108DE000090C28185218834200D2CEE000D1C8E006
:108DF0001D1A53469E1AB24592415242AB1A9A46E8
:108E0000984500D117E139001800FEF7E9FA019BF7
:108E100005004343390050460493FEF767FB04986E
:108E20000B04310C1943884209D941446B1E884513
:108E300000D907E1884200D804E1023D4144049B87
:108E4000CB1A180039000493FEF7CAFA019B824638
:108E50004343390004980193FEF748FB01980B0443
:108E60003104090C194388420DD953464144013B52
:108E7000884500D9E8E0884200D8E5E002235B425B
:108E80009C464144E244019B2D04CE1A514629439D
:108E9000059D4F462A000B04080C1B0C5A43454302
:108EA0007B4378435B19170CFB189D4203D980253F
:108EB0006D02AC4660441D0C12041B04120C2818F1
:108EC0009B18864200D293E000D18EE00123194323
:108ED000A04BE318002B00DC99E04A0700D09EE08D
:108EE0005A46D20106D55A469B4B1A4080239346D8
:108EF000DB00E318994A934268DD0123029A984CFB
:108F00001A400023944698460022C5E680224B462C
:108F1000120313420AD05B46134206D11A431203CE
:108F2000120BAC4688468E4CB6E64B461A431203EB
:108F3000120BBC468A4CAFE603005A46283B9A40C7
:108F400000239146984657E6584601F04BF92030E9
:108F500040E603005246283B9A400021934677E6BC
:108F600001F040F920305FE6884500D2C7E64B4665
:108F7000DE075D0843465B081E434346DB079A460F
:108F8000C2E60025924500D333E7039E5946B44616
:108F9000E244B245AD416D424544EB180139984574
:108FA00007D2984200D97FE000D1BCE01D1A8B4661
:108FB0001FE79845FAD1039D5545F2D943468B46A4
:108FC0001D1A16E79B46CAE61500E7E65A46C90889
:108FD00052070A435B0590465C0D5A4601230299ED
:108FE00052021940120B8C4656E6002B00D16FE757
:108FF00046444A1EB04529D91100864200D065E793
:10900000039A934200D061E762E7012149420120BF
:10901000C21A382A21DD029B03409C4638E60F2203
:109020000A40042A00D15BE70A00111D91429241D7
:109030005242934454E7474BE318002BE5DD0122ED
:109040005242F2E71D00FAE69A461CE7B04239D8D0
:109050006ED011003AE702933AE71F2A3CDC202346
:109060009B1A0C005846994098404B1E99415B460C
:10907000D440D340204308431A00430709D00F23AC
:109080000340042B05D00100081D88429B415B4230
:10909000D21813023AD50123029A01241A40002360
:1090A000944698460022F7E5022149428C46039DEA
:1090B000E344AC46E244AA45AD416D424544ED1857
:1090C0002D1A96E68A1E03994D008D428941494228
:1090D0004144761803958FE71F204042C31A584633
:1090E000D8400300202A28D040205D46821A9540AF
:1090F00029434A1E91411943072300220B4009D0FE
:109100000F2300220B400800042BBDD101005307A0
:109110005202120BC9081943012388460299002400
:1091200019408C46B8E55245BED88B46002560E60E
:10913000039D9D42C6D3110062E70025D8E7802237
:109140005B4612031A43019B1203120B9C4688468E
:10915000034CA1E5FF030000FFFFFFFEFE07000038
:10916000FF070000F0B54F464646D6465C00C0B546
:109170001F03DB0F9A46174B0E034D0084468046B3
:10918000360B6D0DC90F91463F0B640D01209D42BA
:1091900008D09C4201D0A5420BD01CBC90469946F9
:1091A000A246F0BD63463343F7D1AC42F5D13A4312
:1091B000F3D10120BE42F0D1C845EED1514507D0D0
:1091C000002DEAD163461E433000461EB041E4E75D
:1091D0000020E2E7FF070000F0B54546DE465746AF
:1091E0004E46E0B51F033D0B2C4F0E034C00AB4623
:1091F0005D008446360B640DC90F90466D0DDB0F84
:10920000BC422AD0254FBD422DD0002C0FD1304377
:109210000700814678427841C0B2002D17D15F46E1
:109220003A4314D14B460020002B0AD006E0002D13
:1092300002D15846024301D0994218D04842012138
:1092400008433CBC90469946A246AB46F0BD002878
:10925000F2D00120013B1843F3E737000743D1D098
:1092600002204042EDE75F461743CED0F8E7AC421C
:10927000E4DC03DA481E01210843E2E75E45DDD85D
:1092800006D000205E45DCD20123481E1843D8E7F3
:10929000C445D3D80020C445F6D3D2E7FF07000069
:1092A000F0B54E464546DE4657465C00E0B51F0326
:1092B000DB0F99462A4B0E034D00C90F8446360B2F
:1092C0006D0D8B4690463F0B640D9D4220D0244B84
:1092D0009C4222D0002D12D1304343424341DBB2A5
:1092E000002C1FD0002B0CD04B460120013B034328
:1092F00018003CBC90469946A246AB46F0BD002CF7
:1093000016D0CB4517D05B46594201230B43EFE7FC
:10931000310002230143EBD1D9E739000223114385
:10932000E6D1D7E73A43DDD100230028E0D0EAE7D1
:109330003A43E6D1E7E7A542E5DC05DBBE42E2D8E9
:1093400007D00023BE42D3D25946012301390B4333
:10935000CEE7C445D7D80023C445F5D3C8E7C046F7
:10936000FF070000F0B557464546DE464E46E0B5DD
:109370000C0398464E00230B87B0070092469B468D
:10938000760DCD0F002E6BD06D4B9E4235D08024D4
:109390005B46420F2404DB0014431C43C300994680
:1093A000684BA3469C46002300276644029343462D
:1093B0001C035A00DB0F5046240B520D984600D177
:1093C00076E05F4B9A426DD08023410F1B040B4324
:1093D0005C49E4008C461C43C300002062444146C3
:1093E000B6186940721C0191944607430F2F00D9AB
:1093F000B0E0554ABF00D25997465B4603439946B1
:1094000000D087E000239B46023308270293CEE773
:1094100042460192022867D0032800D10EE20128BB
:1094200000D062E100230024002299460199014006
:10943000CDB2002112030B0D120B1B051343434A3F
:10944000240513401C436400ED0764082C43484680
:10945000210007B03CBC90469946A246AB46F0BD01
:10946000034399464FD05B46002B00D189E1584613
:1094700000F0B8FE03000B3B1C2B00DD7AE11D223F
:10948000D31A3A0001005C46DA4008398C401300D8
:109490008F4023439B46B94600232D4E0027361AA2
:1094A000029384E7534623432AD10024022096E7FF
:1094B0005346234320D0002C00D157E1200000F078
:1094C00091FE03000B3B1C2B00DD49E11D21CB1A53
:1094D00051460200D9405346083A944093400C4309
:1094E0001B4A121A00207AE70125019B144C1D40EB
:1094F0000023002299469CE70024002201206EE709
:10950000534603206BE700239B46013304270026C4
:1095100002934CE7032381460C27029347E78022FE
:109520000023002512039946054C82E75C464B4612
:1095300002986FE75C464B46019502986AE7C04681
:10954000FF07000001FCFFFF84790108FFFF0F8087
:109550000DFCFFFF4A464946170C1A0C1B041B0C56
:1095600008041900000C41431500884619007D438A
:109570007943039589462900150045434D440295DA
:1095800045462D0CAA46029D5544A94506D98A4652
:10959000802149028946CA4451460391290C04910D
:1095A000414609042D04090C88462900250C240491
:1095B0004144240C05912100414388462100794310
:1095C0008A466843414650448146080C48446F43EC
:1095D000824503D98021490289464F44010C8946BE
:1095E00039004944029141460F0404993F0C8846D2
:1095F0000004C01980444146049159460F0C0904E7
:10960000090C884659438A463900514389464146E8
:109610004A435146090C8B467B43D2185A44934225
:1096200003D980235B029B46D94451460904090CA7
:109630008A46414661437C43130C12044B44524416
:10964000A1468A463C0041466C434D4351464D4439
:109650000F0C7D19A94503D980214902884644444D
:10966000049F0399B84641448B468345804141425B
:109670008846514608042F04000C3F1858460299AA
:1096800010188946904292414F44BA465242994638
:109690009346C244D144CB448F42BF41C245894125
:1096A00099459B41934592417F4249422D0C52423C
:1096B0000F435B4213437F19FF185B463C19DB0DD8
:1096C000059A64021C43430213435D1EAB415A4694
:1096D000C00D034352021343E20156D501205A083C
:1096E00003401343E207134364085A4860440028C8
:1096F0004DDD5A0709D00F221A40042A05D01A1D41
:109700009A429B415B42E4181300E20104D5802099
:10971000514AC00014406044504A904200DDE3E6E4
:109720000125DB0862071A436402019B9146220B64
:109730004405640D1D407CE6802259461203114207
:1097400008D0144206D122431203120B4546994613
:10975000434C6EE65B461A431203120B404C68E61C
:1097600003005446283B9C400023B9E600F03AFD34
:109770002030A6E60300283B9F400023BB469946C5
:109780008AE600F02FFD203074E6B446ADE70125EF
:109790002A1A382A06DD019B00241D4000230022DE
:1097A000994646E61F2A21DC20252000AD1A1E001E
:1097B000AB40A840D6405D1EAB4130431843D44077
:1097C000430709D00F230340042B05D00300181DC5
:1097D00098429B415B42E418230221D50125019B5D
:1097E00001241D4000230022994622E61F25210066
:1097F0006D42281AC1400800202A1DD05F35AA1AE0
:10980000944023435C1EA341072503431D400022CF
:10981000002D09D00F2200241A401800042AD6D1A6
:10982000030065076402220BDB082B4301259946E0
:10983000019B00241D40FCE50024E2E78022012575
:109840001203224301991203120B0D409946044C56
:10985000EFE5C046FF030000FFFFFFFEFE0700002C
:10986000FF070000F0B54646D6464F460C03C0B58C
:10987000CD0F4E00610A440F0C43C1005800400D4B
:1098800084468A460F001903500F490A0143C6480F
:10989000760DA846DB0FD200844500D1D8E0012028
:1098A0004340AB4200D1A6E06046351A002D00DCF3
:1098B00005E1002810D10B00134300D1D7E06B1E47
:1098C000002B00D04BE153469F1ABA458041641AE1
:1098D0004042241A01261EE0B34B9E4248D080230A
:1098E0001B041943382D00DD19E11F2D00DD4CE16B
:1098F00020230F005B1B10009A409F40E840531E3E
:109900009A41E940074317435346DF1B611ABA45A2
:10991000A44164420C1B230200D4C5E06402650A22
:10992000002D00D1F6E0280000F05CFC0300083BAD
:109930001F2B00DDE9E020223C00D21A9D40D440DC
:109940009F4025439E4200DDDBE09E1B731C1F2BC6
:1099500000DD0AE120223800D21A290097402C00AD
:109960009140D8407A1E9741DC40002601430F43C6
:109970007B0709D00F233B40042B05D03B1DBB4286
:10998000BF417F42E4191F00230225D5864B0136D3
:109990009E4200D1AFE0854B01251C404346620743
:1099A000FF08640276051743240B760D1D40002145
:1099B0002403230B0C0D7E4A24051C43144033055D
:1099C00023435B00ED075B082B43380019001CBCE8
:1099D00090469946A246F0BD012543466207FF081E
:1099E0001743E4081D40704B9E4236D02403760591
:1099F000240B760DDBE76346F31A002B00DC94E0C2
:109A00006046002835D068488642B1D080273F04A0
:109A10003943382B00DCFDE00A43170000217A1E91
:109A20009741574457458041091944420C19230274
:109A30003AD55D4B01369E4200D14BE101225B4B92
:109A40001C407B0817401F43E207174364088FE759
:109A50000800104300D024E721E723003B4300D156
:109A6000B9E18022120314432403240B9FE72E0044
:109A70007EE70800104300D1CAE0581E8446002843
:109A800000D0E7E052445245804164184042241817
:109A900017000126230207D50226CFE764462C4390
:109AA00000D1B3E12C0067467B0700D062E7630773
:109AB000FF081F4301254346E4081D4093E7002D9E
:109AC00078D1751C6D056D0D012D00DCF2E050465E
:109AD000801A8245BF41651A7F42ED1B84462802E9
:109AE00000D48CE05046171ABA4292410C1B5542E2
:109AF000651B984614E70125434600241D400027B6
:109B000055E72A4CF61A2C4032E73D0028388540AC
:109B1000002717E7380000F065FB203006E70A430E
:109B2000170000217A1E9741EEE6002B00D0E5E0F9
:109B3000731C9C465B055B0D012B00DC9FE01A4B00
:109B40009C4500D1C5E052445245804164184042D2
:109B50002418E707520817436408664608E71248C6
:109B6000854200D185E01D00BCE629001F3EF14082
:109B7000202B00D17FE04022D31A9D402F437D1E31
:109B8000AF4100240F4300268EE72B000F00203B3F
:109B9000DF40202D71D040235D1BA9400A43511E98
:109BA0008A4100211743AFE6FF070000FFFF7FFF58
:109BB000FFFF0F80002E3ED0B34EB44545D0802627
:109BC00036046D423443382D00DDA8E01F2D00DD42
:109BD0001FE1202627005046761BB740E840074388
:109BE0005046B040461EB041EC403843171ABA42C6
:109BF00092410C1B5242A41A664698468BE6644674
:109C000067462C4300D08BE6002500260027EAE6B5
:109C10001E00ADE61F2B60DC2027F81A0F008446DB
:109C200087401000D840074360468240501E824162
:109C3000D9401743F5E626005046064305D0ED43CC
:109C4000002DD3D0904EB445BDD10C001700664610
:109C500098468DE68C4883420BD06346D9E6002DAA
:109C600000D096E00800104300D1E2E00C0017009D
:109C70009846854E7CE6002580E700218EE723008C
:109C800050460343002E00D0A8E0002B00D1DEE0B8
:109C90000B00134300D16BE65244524580416418D7
:109CA000404224181700230200D4FDE6774B664695
:109CB0001C405DE6250050460543002ECFD1002D07
:109CC0004FD10C00144300D1A0E00C0017009846BF
:109CD0004EE666460024002785E61F000800203F68
:109CE000F8400700202B00D18EE04020C31A994095
:109CF0000A43511E8A410021174392E6002E14D1D7
:109D000026005046064362D0DB43002B5CD1871807
:109D10009742924164185242A418664687E650461C
:109D20002043441EA041002460E7574EB4454ED066
:109D3000802636045B423443382B00DD7FE01F2B46
:109D400000DD8BE0202627005046F61AB740D840A9
:109D500007435046B040461EB0410743DC40BF18A1
:109D6000D6E70D00154300D102E65046801A824521
:109D7000BF41651A7F42ED1B8446280200D48DE660
:109D80005046171ABA4292410C1B5242A41A9846E6
:109D9000EEE50D00154300D16BE750466707C0089C
:109DA00007438020E4080003044207D0CD080542A1
:109DB00004D12C009846D70849070F437B0FE400D5
:109DC0001C43FF00304ED3E52F4EB445B4D10C00F8
:109DD00017006646CCE500270024E8E5002B39D0C3
:109DE0000B00134300D144E7C008670707438020F6
:109DF000E40800030442E1D0CB080342DED1D708D7
:109E000049070F431C00D9E7002171E7002500270F
:109E1000E9E52E002700203EF740202D2FD04026D8
:109E2000751BAC4050462043441EA04100243843DB
:109E3000DCE6802400252403134E0027D3E550469A
:109E400020430700781E87410024BF1860E70C00FC
:109E500017008DE50C0017000B4E89E51E0027004A
:109E6000203EF740202B0CD04026F31A9C40504651
:109E70002043441EA04107430024BF1848E70024A4
:109E8000D0E70024F3E7C046FF070000FFFF7FFF95
:109E900070B50E4E0D031C0349005B002D0B490DE0
:109EA000240B5B0DB14204D0084900208B4208D03E
:109EB00070BD05430120002DFAD1044900208B42DA
:109EC000F6D114432000441EA041F1E7FF07000033
:109ED00030B5134D0A034B00120B5B0DC90F002464
:109EE000AB4210DD0F4CA3420FDC80240E4D640307
:109EF0002243ED1A1F2D0BDD0C48C31ADA405442E1
:109F0000002900D11400200030BD094BCC18FAE71D
:109F1000084CE840A44663449A400243EFE7C04639
:109F2000FE0300001D0400003304000013040000C1
:109F3000FFFFFF7FEDFBFFFF70B5002830D0C31798
:109F4000C4185C40C50F200000F04CF9174B184AAC
:109F50001B1AD21A1F2A18DD164AD21A9440002260
:109F600024035B05240B5B0D0021100024030A0D64
:109F7000240B12052243104C1B05224013435B00A7
:109F8000ED075B082B43190070BD210091400A00CA
:109F90000B21081AC4405B052403240B5B0DE3E787
:109FA0000025002300240022DEE7C0461E04000036
:109FB0003304000013040000FFFF0F8010B5041EDF
:109FC00028D000F00FF9154B154A1B1AD21A1F2A78
:109FD00015DD144AD21A9440002224035B05240B99
:109FE0005B0D0021100024030A0D240B12052243EF
:109FF0000D4C1B05224013435B00590810BD210086
:10A0000091400A000B21081AC4405B052403240B6D
:10A010005B0DE6E7002300240022E2E71E040000B7
:10A020003304000013040000FFFF0F804100090EFD
:10A030004B1C70B5DBB24602750AC40F012B14DD50
:10A04000E0239B006D07360BCB1800210A0D28007A
:10A0500012051C4D32435B052A405B0813435B002D
:10A06000E4075B082343190070BD002914D1002DBB
:10A070001ED0280000F0B6F80A281CDC0B232A00AA
:10A080001B1ADA40030015339D400F4B12031B1AB5
:10A090005B05160B5B0DD8E7002D06D0320B802632
:10A0A00036036D071643094BCFE7084B0026CCE774
:10A0B00000230026C9E703002A000B3B9A40002535
:10A0C000E3E7C046FFFF0F8089030000FF070000A1
:10A0D000F0B54C00640D0B03621C450F5B0A520582
:10A0E0002B43C90FC500520D012A28DD3A4AA61894
:10A0F000FE2E1BDC002E3EDD80010200501E824140
:10A100006D0F2A43DB0013435A0704D00F221A4075
:10A11000042A00D004338022D2041A405AD00136D7
:10A12000FF2E03D09B015B0AF4B201E0FF24002361
:10A130005802E405400AC90720430843F0BD002C3B
:10A1400007D01D43F2D08020DB0080040343FF26AC
:10A15000DAE72B4303D00523DB08FF2C03D05B0297
:10A160005B0AE4B2E4E7002B32D08020C003034353
:10A170005B025B0ADCE73200173214DB80221E2709
:10A1800012041343BF1B1F2F0FDC144A9446644470
:10A190002A00A5402E00A340751EAE41FA4033436D
:10A1A00013430026B0E70024D5E702225242961B53
:10A1B0001A00F240202F09D0094884466444A34085
:10A1C0002B435D1EAB41002613439DE70023F7E7B9
:10A1D0000023ADE73400BFE780FCFFFF82FCFFFFF8
:10A1E000A2FCFFFF1C2101231B04984201D3000C99
:10A1F00010391B0A984201D3000A08391B099842FA
:10A2000001D30009043902A2105C40187047C0460F
:10A21000040302020101010100000000000000002F
:10A2200010B5002903D1FFF7DDFF203002E0081C44
:10A23000FFF7D8FF10BDC0468022024B12059A607E
:10A240007047C04600ED00E08023084A5B001168BB
:10A2500010B50B431360002008F0C6FF041E03D1A5
:10A2600008F022FE200010BD0124FBE70020024080
:10A27000034A0449136809685B1813607047C046B5
:10A28000F041002004000020014B18687047C046D0
:10A29000F041002070B50400FFF7F6FF0500631CD5
:10A2A00002D0044B1B68E418FFF7EEFF401B84420A
:10A2B000FAD870BD0400002080684007C00F7047C6
:10A2C0000023F0B585B0040003930125984200D126
:10A2D0009AE0856D9D4205D108F008FE23005433B5
:10A2E000E5651D70802326685B05B2681A4200D1BF
:10A2F000D0E0B3680025DB0000D4D8E03000FFF7E1
:10A30000DBFF1023A66D1E4000D0BEE0002800D069
:10A31000BBE0A36D7C4A1A4002231343A365236864
:10A320009A68D20700D4CBE0276B217E781E874144
:10A33000627E3803D20389030190E0681143A27E54
:10A3400001432069944652031143002866DA47000E
:10A350007F0822002C32127852000A4301990A43E6
:10A3600017430197621CD27F012A07D16146002959
:10A3700057D180223900520211430191626A002AAA
:10A3800007D0E02149000A40A16A0A43019911431C
:10A390000191616C226C0A43A16C0A43E16C0A438F
:10A3A00021003C310978012900D10A43D968574F6F
:10A3B0003940019F3943D9601969554F39400A43E3
:10A3C000072170271A615A698A43616B0A435A61EF
:10A3D0005A69A16BBA4309010A435A6100282AD17C
:10A3E0001022996A52420A439A624A4ADB68134031
:10A3F000019A9A423DD100230322E365A36D934362
:10A400001A0001231343A365280005B0F0BD039B88
:10A41000013B0393039B002BF9D16AE78027BF031D
:10A4200097E7A16D8C46202167463943A165E16D10
:10A430000A43E265A2E7802292039042D5D10F2021
:10A44000216E0F00B200D7403A0002400F2A0DD013
:10A450000136082EF5D130489A6AE26912181C209C
:10A46000920002402C3890400200BCE7012EB7D089
:10A47000F1E71222A36D012593431A001023134321
:10A48000A365E36D2B43E365BEE7A26D012513438E
:10A49000A365B9E7B26821490A401343B360204B72
:10A4A00020491868FCF79CFF40000390B2E7102396
:10A4B0000125A26D1343A365E36D2B43E3651DE7FF
:10A4C0001821DA688A43A1680A43DA6061681A6968
:10A4D000880F920080079208024380201A614A0088
:10A4E0005208C005824200D11EE780221206914226
:10A4F00000D119E70C480D4F02683A40F027BF031E
:10A5000039400A4302600FE7FDFEFFFF1902FEFF1C
:10A5100002FCFFDFE7FF3F83FFFFFF3FE8FFFF6F26
:10A5200000000020400D030008270140FFFFC3FF8B
:10A53000704710B5806AFFF7FBFF10BD704770478A
:10A540004023806A10B5826D134383650423C26D76
:10A550001343C365FFF7F3FF10BD0000502310B590
:10A56000846AA26D1A422CD1A26DB133FF3313431A
:10A57000A365C02320681B01C2681A4214D1A37EC0
:10A58000002B11D103681B070ED5FFF795FE00289D
:10A590000ED10C21226853688B435360A36D0E4A81
:10A5A0001A4001231343A365200006F0DFFC10BD11
:10A5B0002023A26D1343A3650123E26D1343E365DA
:10A5C000F2E7A36DDB0603D52000FFF7B8FFEEE747
:10A5D000236D5B6B9847EAE7FEFEFFFFF8B5036863
:10A5E00004001D685E6802231D420FD01E420DD07C
:10A5F000836DDB0604D48023826D1B0113438365C6
:10A60000200000F0D5FA022223681A6004231D42BC
:10A6100001D01E4204D108231D422AD01E4228D058
:10A62000A36DDB0604D48023A26D9B001343A365B6
:10A63000C02320681B01C2681A4214D1A37E002BDC
:10A6400011D103681B070ED5FFF736FE00285AD13B
:10A650000C21226853688B435360A36D354A1A401E
:10A6600001231343A365200006F080FC0C2223681D
:10A670001A6080273D420BD03E4209D08023A26D54
:10A680005B021343A3652000FFF758FF23681F6098
:10A6900080277F003D420BD03E4209D08023A26D2F
:10A6A0009B021343A365200000F080FA23681F601B
:10A6B0008027BF003D420BD03E4209D08023A26DCF
:10A6C000DB021343A365200000F071FA23681F60CA
:10A6D00010231D420BD01E4209D0236B002B1BD030
:10A6E0002368DB689B0717D1102223681A60802734
:10A6F000BF013D4206D03E4204D0200000F059FA8E
:10A7000023681F60F8BD2023A26D1343A3650123B6
:10A71000E26D1343E365A6E78023A26DDB001343DC
:10A72000A3650223E26D20001343E365FFF707FFF3
:10A73000DAE7C046FEFEFFFF0023F0B589B00793BD
:10A74000030054331A7805000F000224012A00D1B7
:10A75000C1E0012600681E70FFF7AEFD03900028DF
:10A7600000D0EFE0042280217B6894460193019899
:10A770002B6909063A68A04200D1B6E060468343DF
:10A780008B4213D129685303886A5B0B03438B62A6
:10A790002868BB686E4944691940614013020B4048
:10A7A00063404361002A65DB002491E01F21019B87
:10A7B0000B4002930F2302988340DB4304930498D9
:10A7C0002B6E0340059350031300002815D1900E03
:10A7D000084002998840059908430199286689082C
:10A7E000E86901318142D3D8029C29689B001B0F84
:10A7F000886AA340049C2040C8E703983242E8D10D
:10A8000030002242E5D1614620000A42E1D1032016
:10A810001107DED46046D106DBD405209106D8D4DA
:10A8200001305106D5D401301106D2D40130D10502
:10A83000CFD401309105CCD401305105C9D40130B9
:10A840001105C6D40130D104C3D401309104C0D461
:10A8500001305104BDD401301104BAD40130D10308
:10A86000B7D401309103B4D48020C0021040B0D0DE
:10A870001220AEE7E021374B37481C6849042140DD
:10A88000824217D18020000404428DD11A68334CD3
:10A8900022400A4302431A60314B32491868FCF7E0
:10A8A0009FFD0790079B002B00D17DE7079B013B95
:10A8B0000793F7E72C48824210D1802040040440DF
:10A8C00000D071E71A68254E32400A4302431A60ED
:10A8D000002354352B70200009B0F0BD234882427C
:10A8E00000D061E78020C003E9E7604683438B42E4
:10A8F00005D128685103836A490B8B438362002A80
:10A9000000DB51E7134B144918688A4208D1A02292
:10A910001C6852041149024021400A431A6043E76F
:10A9200011498A4203D1C0221C681204F2E70F4980
:10A930008A4200D038E7C022520419680240074812
:10A940000140EAE72023AA6D34001343AB65BFE75B
:10A9500000FFFF0708270140001000B0FFFF3FFE87
:10A9600000000020400D0300004000B8002000B4AB
:10A97000F8B5012402680500936823420AD000203C
:10A98000F8BD1023AA6D20001343AB65EB6D234384
:10A99000EB65F5E79168144B1942F2D19368134EB9
:10A9A0003340234393606B7E012BE8D0FFF76CFCB0
:10A9B00007002A6813682342E1D1936823420DD02F
:10A9C000FFF762FCC01B0228F3D910230120AA6DF7
:10A9D0001343AB65EB6D0343EB65D1E793683340FD
:10A9E00023439360ECE7C04617000080E8FFFF7F39
:10A9F000F7B50400006801911700FFF75DFC030044
:10AA00000220002B3AD1250054352B78012B35D06C
:10AA1000012223682A70D968114206D1996811422F
:10AA20002DD10122D9680A43DA602000FFF7A0FF88
:10AA3000002823D1A36D154A266D1A4080235B00A0
:10AA40001343A365124BE065F362124B2168336335
:10AA5000114B73631C230B604A680C3B1343287033
:10AA6000019A4B60300040313B0000F073F92168DF
:10AA70000A4A8B681A40042313438B60FEBD9A6810
:10AA800006490A4010439860CBE7C046FEF0FFFF3E
:10AA90005DA5000833A5000841A50008E8FFFF7F79
:10AAA000036870B504000226012099689A68314055
:10AAB000024209D1002070BD1023A26D1343A3658B
:10AAC000E36D0343E365F6E70029F3D105229D68B2
:10AAD0001540012DF0D19A680D490A4032439A6021
:10AAE00003221A60FFF7D0FB060023689B682B4205
:10AAF000E0D0FFF7C9FB801B0228F6D91023A26D16
:10AB000001201343A365E36D1D43E565D3E7C0460C
:10AB1000E8FFFF7F73B500230500019354352B78C0
:10AB200004000220012B33D0012620002E70FFF7F5
:10AB3000B7FF23689A68324206D01023A26D1343F0
:10AB4000A36500232B7023E0A26D16490326114054
:10AB500002220A43A265DA68D968B143D96080212C
:10AB60009E6809063143104E99609968002910DAF1
:10AB70000199013101910199B142F6D91222A36DD7
:10AB8000012093431A0010231343A36500232B7065
:10AB900076BD0321DE680A403243DA60A26D0123EC
:10ABA0008A43CCE7FDFEFFFFFFF1020070477047CC
:10ABB0007047704770B58901002814DA0F23C0B2BE
:10ABC0000340083B114A9B089B009B18032210403E
:10ABD0009040FC321500114085408140DC69AC4357
:10ABE0002143D96170BD032583082840A840FC3566
:10ABF0002E00074A9B009B18C022864029408140B6
:10AC000092009C58B44321439950EBE700ED00E0DB
:10AC100000E100E01F2318401E3B8340014A1360FF
:10AC20007047C04600E100E0F0B5846CC56C65601B
:10AC3000046D002C02D0446D856D65601C25046C8C
:10AC4000084E25400124AC4077683C43746004689A
:10AC500063608368102B02D1A260E160F0BDA16047
:10AC6000E260FBE70000024010B504000078142108
:10AC70000838FCF7B5FB236C064A9B089B189B0021
:10AC80006364054BA3641C2318401B3B8340E364AF
:10AC900010BDC046008200108008024070B504005C
:10ACA0000120002C48D02568264B1421E818FCF719
:10ACB00097FB02238000A61D2064F3772B68224AAD
:10ACC000E16813402B60A3682A680B4321692000C8
:10ACD0000B4361690B43A1690B43E1690B43216A93
:10ACE0000B4313432B60FFF7BFFF8023A268DB01F8
:10ACF0009A4201D1002363606268616CD3B20B6039
:10AD0000E06CA16C013A4860032A16D80F4A10483B
:10AD100099180322013B1340023A9A40A26513009E
:10AD200000228900216560650A60436000200123DC
:10AD3000E0630534F377E07770BD00232365636536
:10AD4000A365F3E7F8FFFDBF0F80FFFF3F82001010
:10AD500040090240F8B5461DF57F04000220012D90
:10AD600030D00125A71DF577FD7FEDB2012D27D14C
:10AD7000F87700202768E0633868A843386020002F
:10AD8000FFF752FF226B2368002A1CD00E2219689D
:10AD90000A431A60626C1168C90304D580211068E7
:10ADA000490001431160226D002A04D080211068FF
:10ADB0004900014311600122002019680A431A600A
:10ADC0000023F377F8BD04211A688A431A601968D2
:10ADD0000A22DDE7F8B50123411DCB77841DE27F10
:10ADE000022A03D00422C2631800F8BD0E260268AE
:10ADF0001568B54315601568466C9D43156032684B
:10AE0000114D2A4032601C22AC46056C0F4E2A4080
:10AE1000934077683B437360C26C836C5A60036DE8
:10AE2000002B06D065461A682A401A60436D826D71
:10AE30005A600123E3770024826BCC771300A2428F
:10AE4000D2D090472300CFE7FFFEFFFF0000024073
:10AE5000F8B51C210427046C264B21403C008C4093
:10AE60001E680268156834420FD03D420DD011684B
:10AE7000890602D41168B94311605A6814435C60B2
:10AE8000036B002B1BD0984719E002273C008C4035
:10AE9000344215D03D4213D01168890606D40A25E4
:10AEA0001168A94311600121821DD1775A681443AA
:10AEB00000225C60431DDA77C36A9342E3D1F8BD98
:10AEC000082427008F403E42F9D02542F7D00E25B6
:10AED0001468AC431460012215008D4029005C68A1
:10AEE00021435960831DC263DA770022431DDA775C
:10AEF000436BE2E700000240821D0300012030B5F1
:10AF0000D27F824219D15A1DD47F0018012C14D04F
:10AF1000586C0B684D681B062B43CD680468013DD7
:10AF2000ED042B430D7A497A2D042B4349020B4340
:10AF3000E4B2234303600020D07730BD0020054BEE
:10AF40005A69824205DA044A9A60044A9A6058694A
:10AF5000C00F70470020024023016745AB89EFCD49
:10AF60008022044B120659690A435A615869C0434A
:10AF7000C00F704700200240064B01205A69520062
:10AF800006D5054ADA60054ADA605B699B0F18400E
:10AF90007047C046002002403B2A19087F6E5D4C76
:10AFA00080220120044BD20559690A435A615B692A
:10AFB0009B0F98437047C046002002408023034AFD
:10AFC0001B05516901200B4353617047002002406B
:10AFD000F8B505008027FFF757F97F024619174C8F
:10AFE00023693B4214D180212269154BC9051A40BF
:10AFF000A3690B401A43002B02D0A1690B43A36144
:10B0000093009B080AD023610E4B01205A6004E094
:10B01000FFF73AF98642E2D80320F8BD002AF3D1BF
:10B02000FFF732F980262D18F60220693040F4D05F
:10B03000FFF72AF98542F8D8EEE7C0460020024023
:10B04000FAC30000E0020020F7B5174C0193237803
:10B0500006000F0000920220012B1ED00123FA20CF
:10B060002370002380006360FFF7B2FF002812D135
:10B070000E4D012E12D16B6933436B61009B3B6017
:10B08000BFF36F8F019B7B60FA208000FFF7A0FF6A
:10B090006B69B3436B6100232370FEBD00993800D8
:10B0A0000CF050FBF0E7C046E00200200020024018
:10B0B000F8B54B4C030022780220012A6FD0002102
:10B0C0000122616019682270114208D0DA689D6817
:10B0D0005E68120443482A43012E61D002630622AF
:10B0E0000A40062A5ED1FF203E4D5E692A6A30433F
:10B0F00082431E699869304302432A620A072DD5AC
:10B10000DF69394A17421AD03648826A8446F807FE
:10B110000ED5F826F8201D6A3606AE195D6A0006BF
:10B120002D186046760A4662FF266D0AB2432A430E
:10B13000002F02DA80252D062A4360468262BA0774
:10B140000CD5F820F8259A6A00061018DA6A2D0640
:10B150005219244D400A520A6863AA63CA0608D5E8
:10B160001A6B22485B6BC16F1343214A0A40134399
:10B17000C367FA208000FFF72BFF00280DD1802342
:10B18000FA20184D9B026A69800013436B61FFF738
:10B190001FFF6B69174A13406B6100232370F8BDD2
:10B1A000C2629CE78A070AD5FF260E4D12482A6A1A
:10B1B0000240286A1643B0431E6932439CE74A079F
:10B1C0009CD5084D286AC0B2AA2802D0CC2800D04D
:10B1D000BB20FF265F692A6A3E43B2439E69ECE7C3
:10B1E000E002002000200240010000800420024014
:10B1F00080FFFEFFFFFFFDFF00FF4F3F1F23426860
:10B20000036030B5264B3F21012A43D1DA6A0A4058
:10B210008260DA6A120C0A40C2601A6AD2B2AA2AA2
:10B2200002D0CC2A00D0BB2202611A6A1D49FF2439
:10B2300041610A40802182615A6A640252022240BE
:10B24000090552180262996A174D4A0222405219A2
:10B2500080254262C269C90F5200C90752080A43D9
:10B26000C261596B2D0549022140491981629B6BCE
:10B270000D495B0223405B18C36203231A43C2617A
:10B2800080220A4B5202DB6F1A4002637F22134076
:10B29000436330BD1A6B0A4082601A6BBAE7C0463E
:10B2A0000020024000FF4F3FFF0100080420024041
:10B2B000F0B50B6885B0029300230191029ADA4041
:10B2C00001D105B0F0BD01229A4003920399029A80
:10B2D0000A40009200D185E0019A102152681600C0
:10B2E0008E43022E0ED107251D40AD000139A94025
:10B2F000DC08A4000419276A8F4301990969A94051
:10B300000F43276203245F00BC40E4430568013E0D
:10B310002540AC4603251540BD4061460D43056000
:10B32000012E0FD801998668CD682640BD4035436F
:10B3300085604668039915098E4301210D409D40A3
:10B3400035434560C56801992C408D688021BD401A
:10B3500049052C43C4600A4244D003260F242249E5
:10B360009D081E40AD00F6006D18B440A0212F6E60
:10B37000C905A743002488420CD01C4901348842E7
:10B3800008D01B490134884204D01A49033488424A
:10B3900000D1023CB44000993C430E002C66164C90
:10B3A000CD43E76F3E43D10301D43E002E40E66714
:10B3B000124E009FF46F2743910301D42C402700C5
:10B3C000094CF7672768009E3E43D10201D43E0036
:10B3D0002E4026606668009F3743920201D42E40BB
:10B3E00037006760013369E700180240000400502D
:10B3F00000080050000C00500418024008180240D9
:10B4000000690840411E8841C0B27047002A01D03F
:10B41000816170478162FCE703689A69920701D5F0
:10B4200000229A6201229969114202D199690A4364
:10B430009A61704770B5049E89053343890D19439D
:10B4400080230468DB00700D1840044B656812040B
:10B450001843854311432943616070BDFF63FF03B7
:10B4600010B5436B164C0422A34202D0154CA342E4
:10B4700014D10023114200D0B83311220A40112AFE
:10B4800001D17F32134312221140914201D14E3239
:10B490001343026811680B43136010BD002311426F
:10B4A00000D0B833CA0701D5F22213438A0701D569
:10B4B000F4221343122211409142EAD10E32E7E7FF
:10B4C000BDBF0008DDBE000810B50023CA0708D5BF
:10B4D000030041331A7828231A401A33282A00D04F
:10B4E000B0338A0708D5020028244132127822405E
:10B4F000A24216D1442213434A0701D5B82213436E
:10B5000011220A40112A01D17F3213431222114025
:10B51000914201D14E32134301680A689A430A608E
:10B5200010BDF422E7E7000070B504000120002CF4
:10B530003FD0250041352B78DBB2002B05D122000E
:10B5400040321370200007F027FD242301212B70C7
:10B550002368E0681A68A6688A431A6061681A4A14
:10B560000A401A619968194A11409960012821D14D
:10B570008021090231439960586815490143596097
:10B58000D96800200A40DA60616922690A43A1692A
:10B5900009020A43DA60216AE2690A431A60012259
:10B5A00019680A431A60202360642B7020634234B8
:10B5B000207070BD84210902314399600228DBD1DB
:10B5C000802109015960D7E7FFFFFFF0FF7FFFFFF0
:10B5D00000800002F0B587B0040005914130944628
:10B5E00002780225202A53D1802122680902966917
:10B5F00031404DD1260040363778012F48D0013DEB
:10B60000357020350570013003901020039D28709F
:10B61000616461466385374B6162E362364B636305
:10B62000638DFF2B37D9FF23238580235B042700FD
:10B63000258D04934037002D4BD0A06B00282FD0D0
:10B6400000262E4B0663C3622D4B8663436328326C
:10B650002B006146FFF77EFB0500B0422DD1228D05
:10B66000284BD2B200930599049B2000FFF7E2FE1D
:10B67000638D228D11219B1A9BB2638520003D7042
:10B68000FFF7EEFE80232268DB0111680B43136095
:10B69000280007B0F0BD638D238580239B04C6E797
:10B6A0002300202241331A70039B18708023626CA0
:10B6B0001343636438700125EAE7230020224133F5
:10B6C0001A70039B1E701023626C134363643E70F8
:10B6D000F1E70D4B059963630A4B2000009380232B
:10B6E0002A009B04FFF7A6FE3D7001212000FFF712
:10B6F000B7FECDE70000FFFFBDBF0008E5C00008B2
:10B70000CDC0000800200080B1BD0008F0B50600E3
:10B7100087B0059104934136317804000225202931
:10B7200054D1016880208F69000238404ED1270033
:10B7300040373B78012B49D0013D3D7021353570B4
:10B740002500423503951025039B1D706B461B8A0F
:10B7500060646385364B6262E362364B6363638D7C
:10B76000FF2B36D9FF23238580235B042700258DFB
:10B7700004934037002D4AD0E06B00282ED00026DD
:10B780002D4B0663C3622D4B8663436324312B002C
:10B79000FFF7E0FA0500B0422DD1228D284BD2B23E
:10B7A00000930599049B2000FFF744FE638D228DD2
:10B7B00011219B1A9BB2638520003D70FFF750FE5C
:10B7C000802322681B0211680B431360280007B016
:10B7D000F0BD638D238580239B04C7E723002022CF
:10B7E00041331A70039B18708023626C13436364A7
:10B7F00038700125EAE72300202241331A70039BA9
:10B800001E701023626C134363643E70F1E70D4BAE
:10B81000059963630A4B2000009380232A009B0450
:10B82000FFF708FE3D7001212000FFF719FECDE76C
:10B830000000FFFFBDBF000835C10008CDC00008F3
:10B8400000240080B1BD0008036810B599691A682A
:10B85000436B002B00D0984710BD70477047030022
:10B8600070B500252022060042331D70013B197877
:10B87000040040361A7021290AD11123456303635D
:10B880002039FFF721FE35702000FFF7E6FF70BD7D
:10B890001223456303630221FFF716FE3570200073
:10B8A000FFF7DCFFF3E770477047030070B5002532
:10B8B00042331D70013B1A780400292A0DD1013A48
:10B8C0001A70212301210363FFF7FEFD230040339B
:10B8D0001D702000FFF7E7FF70BD1A782A2AFBD100
:10B8E000023A1A70222302210363FFF7EDFD2300C1
:10B8F00040331D702000FFF7D7FFEDE770470300CE
:10B90000F7B541331A78282304001A400368282A1F
:10B9100037D1FE279D699E699A68D968ED03019128
:10B92000C168360CED0F3E40022921D19205920DDF
:10B93000D1094E4006210E4010D1816C0131816445
:10B94000816C022909D106318664D9610300403334
:10B950001E7029002000FFF7D1FFF7BD0421FFF77B
:10B96000B3FD2300002240331A70019A3A40F0E7F9
:10B970000421FFF7A9FD2300002240331A70320092
:10B98000E7E70822DA61002340342370E5E77047D7
:10B99000184B10B5C362002302000363040020208B
:10B9A00041321070537004226363114212D0236835
:10B9B000616A5B6A0B70636A01336362238D002BDB
:10B9C00008D0013B2385638D013B9BB26385636C8B
:10B9D0001A43626407212000FFF776FD10222368D6
:10B9E0002000DA612300002240331A70FFF7CFFFF6
:10B9F00010BDC0460000FFFF70477047704770479A
:10BA000070B5020005000026423241352B781670D1
:10BA10002F4A283BC2624685426C040011434164B0
:10BA2000022B22D80321FFF74FFD28232B70294B2F
:10BA30002663802263632368D201196811401A6863
:10BA40001ED02549A06B0A401A6000280CD0234B59
:10BA500000228363230040331A70FFF7BBF90028EC
:10BA600002D0A06B836B984770BD0721FFF72CFDB8
:10BA70002B78602B01D020232B7000232363D8E781
:10BA800080200002024011D01A6815480240E06B85
:10BA90001A600028E8D0114B8363230040331970EB
:10BAA000FFF798F90028DFD0E06BDBE72300297867
:10BAB0004033602906D14039297020001A70FFF701
:10BAC0009EFFD1E71A702000FFF798FFCCE7C04631
:10BAD0000000FFFFD9BB0008FFBFFFFFDDC100086A
:10BAE000FF7FFFFF2022F8B50400802503680F00C8
:10BAF0001E680721DA61FFF7E7FC23682D025A6808
:10BB000033492A435A605A6820000A405A60FFF7B6
:10BB100083FC730438D5A36B002B03D01B685B68D0
:10BB20009BB2638504231F4210D09F432368626A3F
:10BB30005B6A1370636A01336362238D002B05D047
:10BB4000013B2385638D013B9BB26385638D002B95
:10BB500003D00423626C1343636422000023250096
:10BB6000423223631370666C636341359E420FD08B
:10BB7000616C2000FFF744FF2B78282B03D139009C
:10BB80002000FFF705FFF8BD2E42CBD0E36BC3E7E3
:10BB90002700E36A0F4A403793420BD02000FFF79B
:10BBA00084FE0C4B2000E36220232B703E70FFF7D5
:10BBB000EEFEE8E720232A7820002B703E70222A30
:10BBC00002D1FFF771FEDEE7FFF76DFEDBE7C0464F
:10BBD00000E800FE0000FFFFF8B507004037160040
:10BBE0003A780400C36A0D000220012A21D0012204
:10BBF0003A700F3211423BD0164239D0618D002984
:10BC000028D1220041321178282913D180218904BA
:10BC10008B420FD129002000FFF7BAFE20231D42DE
:10BC200005D01E4203D029002000FFF75BFF002053
:10BC30003870F8BD102110782268D1612928EDD123
:10BC40002C488342EAD02000FFF7E6FB2000FFF7F4
:10BC50002CFEE3E72168CA610422616C0A43626436
:10BC6000254A1342DAD1616C2000FFF7C9FED5E7FF
:10BC7000042215421AD0164218D0618D00290ED028
:10BC800095432268616A526A0A70626A013262628E
:10BC9000228D013A2285628D013A92B26285628DCF
:10BCA000002ABBD1134A9342D0D1B7E708221542EC
:10BCB00005D0164203D02000FFF721FEAEE7022296
:10BCC0001542ABD01642A9D0628D002A0DD0636A0E
:10BCD00022681978013391626362638D013B9BB2E4
:10BCE0006385238D013B238598E7034A134200D0E7
:10BCF00094E7ABE70000FFFFFFFFFFFE2022036891
:10BD000010B5DA615A680400274802405A600022E0
:10BD100022636263254AE2621022114204D0DA6192
:10BD20000423626C134363642000FFF775FB032157
:10BD30002000FFF7C9FB22004132636C11786029B3
:10BD400001D0002B04D0616C2000FFF759FE10BD1C
:10BD50001178212912D101391170220021004232BB
:10BD60001078403113700B70402803D12000FFF78A
:10BD700043FEECE72000FFF770FDE8E71178222989
:10BD8000E5D1023911702200210042321078403191
:10BD900013700B70402803D12000FFF72EFED6E76A
:10BDA0002000FFF75BFDD2E700E800FE0000FFFF88
:10BDB000F7B5070040373B7804000D00160002205D
:10BDC000012B1AD001233B700F33194216D01A42AF
:10BDD00014D022682000D361626C0C3B134363646F
:10BDE000FFF71AFB20231D4205D01E4203D0290075
:10BDF0002000FFF783FF00203870FEBD04231D42A2
:10BE000011D01E420FD09D432368626A5B6A137093
:10BE1000636A01336362238D013B2385638D013B9C
:10BE20009BB26385DEE702231D4206D01E4204D08A
:10BE3000636A226819789162EBE740232A0633D5BA
:10BE40001E4231D0628D2368002A21D0208D002827
:10BE50001ED15968638D8905890DFF2B08D9FF22F2
:10BE60008023228500905B042000FFF7E3FAB9E706
:10BE7000628DE36A92B29C46174B2285D2B29C45F2
:10BE800002D0E36A0090EFE7802300909B04EBE789
:10BE90005B689B0103D42000FFF7E1FCA2E740218F
:10BEA0002000FFF7ADFD9DE71D429BD01E4200D153
:10BEB00098E7638D002BF2D123685A68920100D570
:10BEC00090E7E16A044A9142E5D180225968D201A3
:10BED0000A435A6086E7C0460000FFFFF8B5050038
:10BEE00040352B780400C66A0220012B2DD0012397
:10BEF0002B700F3319424BD01A4249D0C020000298
:10BF0000024242D0E06B031E06D00023170403D583
:10BF100003685B6858424341A06B002805D0520477
:10BF200003D502685268002A01D0012B1ED12300DC
:10BF300041331A78282A09D180229204964205D1E9
:10BF40002000FFF725FD00202870F8BD1022197889
:10BF50002368DA612929F6D116498E42F3D02000F0
:10BF6000FFF75AFA2000FFF7A0FCECE71022236845
:10BF7000DA610423626C134363640F4B1E42E2D107
:10BF8000616C2000FFF73CFDDDE72268D361DAE752
:10BF90000823194205D01A4203D02000FFF7AFFC56
:10BFA000D1E720231942CED01A42CCD02000FFF78F
:10BFB00099FDC8E70000FFFFFFFFFFFE37B5050052
:10BFC00040352B7804000220012B15D001232B7063
:10BFD0000F33194211D01A420FD022682000D361CA
:10BFE000626C0C3B134363641221FFF739FA2000A3
:10BFF000FFF712FA002028703EBD4023080644D502
:10C000001A4242D02268116899431160638D002B57
:10C010002FD05168638D8905890DFF2B1BD9FF2314
:10C02000238580235B040020228D0090D2B2200063
:10C03000FFF700FA638D228D9B1A9BB26385230064
:10C0400041331A7823681968222A0FD180221202FC
:10C050000A431A60CEE7638DE26A23851A4B9A423F
:10C0600001D0E36ADFE780239B04DCE78022D20172
:10C07000EEE753689B0103D42000FFF7F0FBB9E71C
:10C0800040212000FFF7BCFCB4E7194212D01A424D
:10C0900010D0638D002BF3D123685A689201A9D484
:10C0A000E16A094A9142E7D180225968D2010A43E4
:10C0B0005A609FE7202319429CD01A4200D199E789
:10C0C0002000FFF71BFE95E70000FFFF8023806A3A
:10C0D00010B502681B0251680B4353601021FFF733
:10C0E0008FFC10BD10B5846A1149226813680B409B
:10C0F0001360638D002B04D112212000FFF7B0F9EB
:10C1000013E0636A218D5918638D6162FF2B0DD98D
:10C11000FF232385238D2832A06BFEF71BFE00280A
:10C12000EAD010212000FFF76BFC10BD638DF0E713
:10C13000FFBFFFFF10B5846A114A21680B681340E6
:10C140000B60638D002B04D112212000FFF788F9CA
:10C1500013E0636A228D9A18638D6262FF2B0DD9FA
:10C16000FF232385238D2431E06BFEF7F3FD0028A8
:10C17000EAD010212000FFF743FC10BD638DF0E7EB
:10C18000FF7FFFFF70B5802503686D0099691A680D
:10C19000294206D0140604D50124466C3443446475
:10C1A000DD618025ED00294206D0140604D508245F
:10C1B000466C34434464DD618024A400214206D0EF
:10C1C000120604D50222416C0A434264DC610B234F
:10C1D000416C194201D0FFF713FC70BD0023806A47
:10C1E00010B5826B9363C26B9363030041331A787B
:10C1F000602A04D1403A1A70FFF701FC10BDFFF726
:10C20000FDFBFBE741300078C0B27047406C7047DF
:10C21000F0B50400413422780300D2B20220202A73
:10C2200018D11D0040352E78012E13D01B68223006
:10C2300020701E68233886431E601E68064F3E40ED
:10C240001E601E6831431960196808431860002099
:10C2500022702870F0BDC046FFEFFFFFF0B505006B
:10C2600041352A780300D2B20220202A17D11C00BF
:10C2700040342678012E12D01B68223028701E68A8
:10C28000233886431E601E68054F09023E40314335
:10C29000196019680843186000202A702070F0BDEA
:10C2A000FFF0FFFF10B5104C1049236802000B404F
:10C2B00003432360802300209B009A420CD10C4B47
:10C2C0000C49186806235843FBF78AF88022431C60
:10C2D000D2006069104000D110BD002B01D0013B9D
:10C2E000F7E70320F8E7C04600700040FFF9FFFFC2
:10C2F0000000002040420F00F0B5040085B0002887
:10C3000002D1012005B0F0BD0368DB0710D423681B
:10C310009B075CD423681B0700D5C2E023685B073A
:10C3200000D5F4E0E269002A00D073E10020E9E7DB
:10C330003822AC4DAB681340EA68102B09D1D243C8
:10C34000930708D12B689B03E1D56368002BDED1EE
:10C35000D7E7082BF6D0802263685202934211D1AE
:10C360002A6813432B60FDF78FFF80260700B60273
:10C370002B683342CBD1FDF787FFC01B6428F7D968
:10C380000320BFE7A021C9028B4208D1802329687E
:10C39000DB020B432B602B681A432A60E3E72A6811
:10C3A00091490A402A602A6890490A402A60002B75
:10C3B000D9D1FDF769FF80260700B6022B6833420A
:10C3C000A5D0FDF761FFC01B6428F7D9D8E7382353
:10C3D000844DAA681340EA68102B29D103210A4032
:10C3E000022A27D12A68520503D5E268002A00D123
:10C3F00087E7696862697E48120201400A436A6001
:10C40000002B0DD12B687B4A1340226913432B600C
:10C410002B68794A9B045B0FDA401300774A13605C
:10C42000774B186806F0E0FE002800D172E768E755
:10C43000002BD7D0E368002B20D02B686D4A8026D4
:10C4400013402269F60013432B6080232A685B00A7
:10C4500013432B60FDF718FF07002B68334207D00A
:10C460006A68636962491B020A4013436B6051E7C3
:10C47000FDF70AFFC01B0228EFD981E72B68614A4C
:10C48000802613402B60FDF7FFFE0700F6002B68A7
:10C49000334200D13EE7FDF7F7FEC01B0228F6D974
:10C4A0006EE738214F4B9A681D000A40182A08D1C0
:10C4B0001B6E9B0700D431E7A369002B00D02DE74A
:10C4C0001FE7A2690123002A10D02A6E0226134317
:10C4D0002B66FDF7D9FE07002B6E334200D01DE717
:10C4E000FDF7D2FEC01B0228F6D949E72A6E0226C4
:10C4F0009A432A66FDF7C8FE07002B6E334200D12F
:10C500000CE7FDF7C1FEC01B0228F6D938E7382139
:10C51000344B9A681D000A40202A08D1DB6D9B0726
:10C5200000D4FFE6A368002B00D0FBE6E9E68022FA
:10C53000DB6B5205134200D1F6E000238027324E18
:10C54000009333687F003B4215D0A368012B22D1B2
:10C55000EA6D1343EB65FDF797FE02270600EB6DCE
:10C560003B4238D0009B012B00D0DBE6EB6B274A27
:10C570001340EB63D6E633683B433360FDF784FE3C
:10C58000019033683B42E0D1FDF77EFE019BC01A6B
:10C590000228F6D9F4E6EA6D052B05D1013B1343D9
:10C5A000EB65EA6D0123D4E701218A43EA65EA6D70
:10C5B00003318A43EA65002BCDD1FDF765FE0227E2
:10C5C0000600EB6D3B42CDD0FDF75EFE104B801BAD
:10C5D0009842F6D9D4E6FDF757FE0D4B801B9842E2
:10C5E000BDD9CDE600100240FFFFFEFFFFFFFBFFBD
:10C5F000FF80FFFFFFC7FFFF0024F40000000020C2
:10C6000008000020FFFEFFFF00700040FFFFFFEF6B
:10C61000881300003820494B99681D0001401029FB
:10C6200054D01B6846490B402B60022A37D1FDF7D6
:10C630002BFE80260700B6042B68334229D1616A9D
:10C64000236AEA680B433F490A401343E26A1343F3
:10C65000226B1343626B1343A26A802412021343BA
:10C66000EB6080232A685B0413432B608023EA6815
:10C670005B051343EB60FDF707FE0600A4042B687F
:10C68000234200D052E6FDF7FFFD801B0228F6D9B9
:10C6900076E6FDF7F9FDC01B0228CDD970E603222E
:10C6A000EB6880249343EB60EB68274AA4041340B3
:10C6B000EB60FDF7E9FD06002B68234200D135E66B
:10C6C000FDF7E2FD801B0228F6D959E6012A00D1C8
:10C6D00017E6D8680323226A0340934200D010E68D
:10C6E0007023626A0340934200D00AE6FE22A36AE6
:10C6F000D20102401B029A4200D002E6F823E26A0D
:10C700009B030340934200D0FBE5E023226B1B0513
:10C710000340934200D0F4E5636B400F4007C01A1A
:10C72000431E9841C0B2EDE5EB6B1343EB63EB6B3B
:10C7300013400393039B012300E7C046001002400F
:10C74000FFFFFFFE8C80C111FFFFFEEE38231F4A62
:10C7500070B591681400194208D1012113681C4872
:10C760009B045B0F9940FAF73BFE70BD916819403E
:10C77000082925D091681940102915D1D368D168AE
:10C78000DB437F22E5684906490F2D0A0131154038
:10C790009B0707D10F48FAF723FEE1686843490F6A
:10C7A0000131E0E70A48F6E791681940202909D0ED
:10C7B000926800201340182BD7D1FA20C001D4E78B
:10C7C0000448D2E780200002CFE7C04600100240B4
:10C7D0000024F40000127A00F7B505000E000028CE
:10C7E00001D10120FEBD07274A4C23683B408B4204
:10C7F0002AD329688B073BD4CB0748D40727236863
:10C800003B409E420AD22368BB4333432360FDF77B
:10C810003BFD019023683B409E426BD12B683E4C10
:10C820005B076FD4FFF792FFA3683C4A1B051B0F01
:10C830009B009B581F221340D840394B1860394B3E
:10C84000186806F0D1FCCDE72368BB430B43236097
:10C85000FDF71AFD019023683B409E42C9D0FDF7C9
:10C8600013FD019BC01A304B9842F4D90320B9E75D
:10C87000294A4B0704D5E0239068DB01034393600A
:10C8800093682A480340A86803439360B4E76A6842
:10C89000214F012A19D13B689B03A2D50721BB6810
:10C8A0008B431343BB60FDF7EFFC01903823BA685C
:10C8B0001A406B68DB009A42A0D0FDF7E5FC019BB3
:10C8C000C01A194B9842F1D9D0E7022A03D13B682C
:10C8D0009B01E3D485E7002A03D13B685B05DDD4E7
:10C8E0007FE70223032A03D1396E1942D6D178E7B4
:10C8F000F96DFAE7FDF7C8FC019BC01A0A4B984294
:10C9000088D9B3E7A3680A4A1340EA681343A360CF
:10C9100088E7C0460020024000100240C4790108A8
:10C92000000000200800002088130000FFF0FFFF37
:10C93000FF8FFFFF064B074A9B685B045B0F9B0062
:10C940009B581F221340044A1068D8407047C046C5
:10C9500000100240047A010800000020072230B5D0
:10C96000F025094B02609C682D01144044609C68CE
:10C970002C408460E0249B68E4012340C360034BA7
:10C980001B6813400B6030BD0010024000200240C5
:10C99000F0B505002B6885B000209B0350D58022A0
:10C9A0006F4C5205E36B0090134208D1E36B1343C5
:10C9B000E363E36B13400393039B012300938027FE
:10C9C000684E7F0033683B433360FDF75DFC0190A8
:10C9D00033683B4226D0C023E26D9B0013400FD04A
:10C9E0002A6B93420CD0E26D5F4BE16D13408022C5
:10C9F00052020A43E265E26D5C490A40E265E36582
:10CA0000DB0707D5FDF740FC02270600E36D3B423C
:10CA100000D19DE0E36D544A002013402A6B13437C
:10CA2000E36506E0FDF730FC019BC01A0228CFD970
:10CA30000320009B012B03D1E36B4D4A1340E363BA
:10CA40002B68DA0706D5032445494A6DA2436C6872
:10CA500022434A659A0706D50C2441494A6DA243F0
:10CA6000AC6822434A659A0606D53D49414C4A6D59
:10CA70002240EC6822434A659A0506D538493E4C67
:10CA80004A6D2240AC6922434A655A0506D53449AD
:10CA90003A4C4A6D2240EC6922434A655A0606D553
:10CAA0002F49374C4A6D22402C6922434A655A046B
:10CAB0000FD52B492C6A4A6D9200920822434A6591
:10CAC0008022D205944204D18022CC6852022243B3
:10CAD000CA601A0306D5402421494A6DA2436C6AF4
:10CAE00022434A659A020FD51D49264E4A6DAC6A0B
:10CAF000324022434A658022D203944204D18022EC
:10CB0000CC6852042243CA605A020DD5144C1E4E02
:10CB1000616DEA6A314011436165802149048A42AE
:10CB200002D1E1680A43E2601B050FD50C49174C9E
:10CB30004B6D6A69234013434B658023DB019A42A6
:10CB400004D18023CA685B021343CB6005B0F0BDFB
:10CB5000FDF79AFB0E4B801B984200D856E767E71B
:10CB60000010024000700040FFFCFFFFFFFFFEFFCF
:10CB7000FFFFFFEFFFF3FFFFFFFFF3FFFFFFCFFF1D
:10CB8000FFCFFFFFFFFFBFFFFFFFFFFEFF3FFFFFE6
:10CB900088130000012203680748D9681143D9604F
:10CBA00099680140062905D00738814202D01968EA
:10CBB0000A431A6000207047070001007047704761
:10CBC000704770470222036810B5196904001142CA
:10CBD0000ED0D96811420BD0053A1A619B69043214
:10CBE00002779B0700D186E0FFF7E9FF0023237758
:10CBF000042223681969114211D0D96811420ED05C
:10CC0000093A1A61073222779A69C0239B002000F3
:10CC10001A4200D175E0FFF7D2FF002323770822E4
:10CC20002368196911420ED0D96811420BD0113A0C
:10CC30001A61DB690D32227720009B0767D0FFF76E
:10CC4000BEFF00232377102223681969114210D0F8
:10CC5000D96811420DD0213A1A6119322277DA6966
:10CC6000C0239B0020001A4257D0FFF7A8FF0023E3
:10CC70002377012223681969114207D0D96811422C
:10CC800004D0033A1A61200005F090FB802223684B
:10CC90001969114208D0D968114205D0023AFF3A09
:10CCA0001A61200000F0D9F823681A69D20507D567
:10CCB000DA68120604D51C4A20001A6100F0CEF88A
:10CCC000402223681969114207D0D968114204D063
:10CCD000813A1A612000FFF774FF20222368196946
:10CCE000114207D0D968114204D0413A1A6120009C
:10CCF00000F0B2F810BDFFF761FF2000FFF760FF02
:10CD000074E7FFF75BFF2000FFF75AFF85E7FFF7A7
:10CD100055FF2000FFF754FF93E7FFF74FFF200078
:10CD2000FFF74EFFA3E7C046FFFEFFFF204A10B506
:10CD30000368904206D08024E405A04202D01D4C36
:10CD4000A0420CD17024A3434C682343904212D0DC
:10CD50008024E405A0420ED0164CA0420BD0164C05
:10CD6000A04208D0154CA04205D0154CA04202D0DC
:10CD7000144CA04203D1144C2340CC68234380249C
:10CD8000A3434C69234303608B68C3620B688362CF
:10CD9000904208D0094B984205D0094B984202D0E6
:10CDA000084B984201D10B6903630123436110BD15
:10CDB000002C0140000400400020004000400140E1
:10CDC0000044014000480140FFFCFFFF70B5040033
:10CDD0000120002C14D025003D352B78DBB2002B30
:10CDE00005D122003C321370200006F049F90223DD
:10CDF00020682B70211DFFF799FF012300202B7065
:10CE000070BD000070B5040002223C342578030098
:10CE10001000012D1AD01D003D352A700C4E1A68E5
:10CE200053689068B24203D10A4E33404E68334390
:10CE30007026B3430E68896833438026B04353603D
:10CE400001430123002091602B70207070BDC0460B
:10CE5000002C0140FFFF0FFF704770477047000034
:10CE6000036807491A680A401A609A6805490A4027
:10CE70009A60030020220833DA670023C3667047F4
:10CE8000DFFEFFFFFEFFFFEFF7B5051D1300EA6FA2
:10CE900004000220202A3AD10138002937D0002B83
:10CEA00035D08022A6685201964204D12269002A18
:10CEB00001D101422BD122007C3201921278022052
:10CEC000012A24D0019A0138107022002700543220
:10CED00021650026138053802122606F88373E60D1
:10CEE000EA67B04214D0104A8663C2620F4A0263F6
:10CEF0000F4A426322682832FDF72CFFB04207D068
:10CF000010233B60019B01201E702023EB67FEBDB8
:10CF10004022002023687C341A62996892180A43E0
:10CF200020709A60F3E7C046EDCF00081FD00008DC
:10CF300081D00008F8B5130002000832D56F040054
:10CF40000220202D3AD10138002937D0002B35D0CE
:10CF50008025A6686D01AE4204D12569002D01D15E
:10CF600001422BD125007C352E780220012E25D0C0
:10CF700001382870200027005C30A165002603805E
:10CF8000222088373E60D067A06FB04217D0144A85
:10CF90008663C262134A0263134A426322682432E0
:10CFA00094460A006146FDF7D5FEB04207D0102333
:10CFB00001203B600434DB182E70E367F8BD80224B
:10CFC000002023685200196828700A431A60012261
:10CFD00099680A439A60402299680A439A60EDE78B
:10CFE0002DD0000873D0000881D0000820210368EC
:10CFF00010B51B68826A0B400CD1110056310B80B2
:10D00000802113689A688A439A60402219680A430B
:10D010001A6010BD100003F053FEFAE7704710B518
:10D02000806AFFF7FBFF10BD704700000368826A4B
:10D0300020201B6810B5034013D111005E310B8016
:10D0400013680A4C19682140196099680334FF3449
:10D05000A143996099683F34A14399601300083354
:10D06000D8671000FFF7E0FF10BDC046FFFEFFFFCE
:10D07000704710B5806AFFF7FBFF10BD70470000D6
:10D0800070B5846A2300211D0833CA6FD86F2368E6
:10D090009D682D060FD5212A0DD12200002556327C
:10D0A00015801A68C035AA431A609A680D4D2A4047
:10D0B0009A602022CA679B685B0608D5222806D1A1
:10D0C000230000225E331A802000FFF7C9FE2200F1
:10D0D00010238832116820000B431360FFF7CEFF46
:10D0E00070BDC046FFFF7FFFF7B502680400D3693B
:10D0F000116890681D070DD120252B4200D180E0DA
:10D10000294202D1C50000D47BE0E36E2000002B51
:10D110006DD16DE0554D0540009504D12135FF35A9
:10D12000294200D16DE0250001268835334205D023
:10D13000CF0503D516622F683E432E600226334288
:10D140000CD0C7070AD52700166288373E680197BA
:10D15000B446042667463E43019F3E6004263342A0
:10D160000CD0C7070AD52700166288373E6801979A
:10D17000B446022667463E43019F3E601E0709D51E
:10D180008E0602D4009E002E04D0082616622A685D
:10D1900016432E602A68002A2AD02022134208D083
:10D1A000114201D1C30004D5E36E002B01D0200051
:10D1B000984723682E689B6820005B0602D40823EA
:10D1C0001E401AD0FFF74CFE402123689A680A429D
:10D1D0000FD09A68A06F8A439A60002809D0244B28
:10D1E0008363FDF7F7FD002802D0A06F836B98479B
:10D1F000F7BD2000FFF742FFFAE7FFF73FFF2E6081
:10D20000F6E780256D032B4206D0460204D5156251
:10D21000200000F095FDEBE780252B4205D0294248
:10D2200001D1000201D5236F70E7402003420DD0E9
:10D2300001420BD01368834313602022231DDA6759
:10D2400000232000236703F03BFDD1E71A0205D538
:10D250004A0003D5200000F075FDC9E7DB01C7D502
:10D260000029C5DA200000F06CFDC1E701000010C4
:10D2700075D20008806A0023020010B55E32138068
:10D28000083A1380FFF7FAFE10BD0000F8B504005D
:10D290000268C16983680069656E0343606903437E
:10D2A0000B4310682B43A44D28400343136053687D
:10D2B000A248A34D0340E06803435360A069AA421B
:10D2C00001D0236A184393689E4E33400F260343D0
:10D2D0009360D06A636AB0431843D0629A4882422E
:10D2E00017D10320994A526D02409948805C8022F0
:10D2F0001202914200D089E208282BD8FAF766F88A
:10D300007D032A001A022A004E022A002A002A005F
:10D3100051029048824205D10C208C4A526D024045
:10D320008D48E3E78D48824200D161E38C48824218
:10D3300000D15DE31020AA42D9D1C0218020834AC8
:10D340000901526DC0000A40824200D19CE00DD814
:10D35000002A4ED00122210001236A310B800239BC
:10D360000B8000231000E3662367F8BD80200001D6
:10D3700082426ED08A42EDD1002B00D1C7E0012B52
:10D3800000D1C7E0022B00D1C8E0032B00D1C8E0D8
:10D39000042B00D1C7E0052B00D1C7E0062B00D13C
:10D3A000C6E08021072B00D1C4E0082B00D1F7E0B4
:10D3B000092B00D1F6E00A2B00D1F5E00B2B00D0B1
:10D3C000A6E0033B0320626850438842C2D81003A2
:10D3D0008842BFD3082B00D9A9E11800F9F7F6FF5E
:10D3E000E600A7013801A7016E01A701A701A70167
:10D3F0007101FFF79FFA636A0121002B21D04918C0
:10D40000012B1ED00231022B1BD00231032B18D06E
:10D410000231042B15D00231052B12D00231062B1C
:10D420000FD00431072B0CD01031082B09D020313C
:10D43000092B06D040310A2B03D07F390B2B00D1AA
:10D44000FF31F9F7CDFF0023010000229142B9D14D
:10D4500081E7002B59D0012B43D0022B43D0032B63
:10D4600043D0042B43D0052B43D0062B43D0072BAE
:10D4700043D0082B43D0092B43D00A2B43D00B2B8E
:10D4800043D1384902239DE7FFF760F9636A012120
:10D49000002B21D04918012B1ED00231022B1BD0AA
:10D4A0000231032B18D00231042B15D00231052B89
:10D4B00012D00231062B0FD00431072B0CD01031C3
:10D4C000082B09D02031092B06D040310A2B03D07C
:10D4D0007F390B2B00D1FF31F9F782FF04230100C4
:10D4E000B3E72149CEE721496CE72149CAE7214941
:10D4F000C8E72149C6E72149C4E72149C2E72149D4
:10D50000C0E72149BEE72149BCE72149BAE78021AC
:10D51000090201E08021C901082353E78021890124
:10D52000FAE71C49F8E780214901F5E71A49F3E7D2
:10D530001A49F1E70901EFE7F369FFCFFFCFFFFFDA
:10D5400000800040FFF4FF1100380140001002404D
:10D55000247A010800440040287A0108004800406D
:10D56000004C004024F4000000127A0000093D0045
:10D57000AAB0280080841E00006A180055581400C4
:10D5800040420F0020A1070090D0030048E80100AE
:10D590000024F40055150000CC0C0000AA0A00007D
:10D5A000C9000FE78900B7E74900B5E7FFF7C2F9FF
:10D5B000616A0122002300292ED0022200230129C2
:10D5C0002AD004220023022926D006220023032980
:10D5D00022D00822002304291ED00A220023052974
:10D5E0001AD00C220023062916D010220023072966
:10D5F00012D02022002308290ED04022002309291E
:10D600000AD0802200230A2906D0012200230B29F8
:10D6100002D18022002352000021FAF7CFF8002720
:10D620006568060E0B02334302026E0892197B41B5
:10D63000100019002A003B00FAF7C0F83A00964B98
:10D640009649C3188B4200D984E62368D86082E6E5
:10D65000636A002B30D0012B1AD0022B1AD0032B77
:10D660001AD0042B1AD0052B1AD0062B1AD0072B50
:10D670001AD0082B1AD0092B1AD00A2B1AD00B2B30
:10D680001AD1874800210027560880197941D2E72E
:10D690008448F7E78448F5E78448F3E78448F1E7EE
:10D6A0008448EFE78448EDE78448EBE78448E9E7FE
:10D6B0008448E7E78448E5E78448E3E7FFF746F86E
:10D6C00076E7636A002B18D0012B19D0022B1AD0F1
:10D6D000032B1BD0042B1BD0052B1CD0062B1CD0DE
:10D6E0008020072B1BD0082B1BD0092B1BD00A2B0B
:10D6F0001BD00B2B02D10002C4E780200004C1E73D
:10D700008020C003BEE780208003BBE77048B9E7F4
:10D7100080204003B6E76F48B4E76F48B2E70003E4
:10D72000B0E7C002AEE78002ACE74002AAE7012200
:10D73000002084E7002B2FD0012B19D0022B19D009
:10D74000032B19D0042B19D0052B19D0062B19D077
:10D75000072B19D0082B19D0092B19D00A2B19D057
:10D760000B2B19D15D48636861685B08181873E179
:10D770004B48F8E75A48F6E75A48F4E75A48F2E7C0
:10D780005A48F0E75A48EEE75A48ECE75A48EAE7C1
:10D790005A48E8E75A48E6E74B48E4E7FEF7D6FF81
:10D7A0002DE1002B18D0012B19D0022B1AD0032BFE
:10D7B0001BD0042B1BD0052B1CD0062B1CD080208B
:10D7C000072B1BD0082B1BD0092B1BD00A2B1BD0DF
:10D7D0000B2B02D14000C6E780204002C3E7802027
:10D7E0000002C0E78020C001BDE74648BBE78020BB
:10D7F0008001B8E74448B6E74448B4E74001B2E7DF
:10D800000001B0E7C000AEE78000ACE7082800D90F
:10D81000EBE0F9F7C7FD05EA7FEAB3EAEAEAB6000A
:10D82000FFF788F8636A0121002B21D04918012BEA
:10D830001ED00231022B1BD00231032B18D0023133
:10D84000042B15D00231052B12D00231062B0FD03C
:10D850000431072B0CD01031082B09D02031092BB3
:10D8600006D040310A2B03D07F390B2B00D1FF317A
:10D870006568F9F7B5FD29006B08C018F9F7B0FD28
:10D88000002283B2190022481039814200D961E593
:10D890002168CB605FE5C04600FDFFFFFFFC0F0085
:10D8A0000024F4000000127A0000093D00AAB0280C
:10D8B0000080841E00006A18005558140040420F72
:10D8C0000020A1070090D0030048E801000024F4E4
:10D8D0000055150000CC0C0000AA0A0048E8010021
:10D8E00000127A005461510000093D0000D430005C
:10D8F000AAB0280080841E0040420F0020A107002B
:10D9000090D00300AA2A00009819000054150000C6
:10D91000EFFF0000002B2FD0012B19D0022B19D0C4
:10D92000032B19D0042B19D0052B19D0062B19D095
:10D93000072B19D0082B19D0092B19D00A2B19D075
:10D940000B2B19D14E48636861685B08181895E77E
:10D950004C48F8E74C48F6E74C48F4E74C48F2E707
:10D960004C48F0E74C48EEE74C48ECE74C48EAE717
:10D970004C48E8E74C48E6E74C48E4E7FEF7E6FEAB
:10D9800050E7002B18D0012B18D0022B19D0032BF5
:10D990001AD0042B1AD0052B1BD0062B1BD08020AD
:10D9A000072B1AD0082B1AD0092B1AD00A2B1AD001
:10D9B0000B2BC8D00002C6E78020FBE78020C00107
:10D9C000C1E780208001BEE73948BCE780204001E4
:10D9D000B9E73848B7E73848B5E70001B3E7C00012
:10D9E000B1E78000AFE74000ADE70122002349E73F
:10D9F00080231B02994200D012E7FEF79BFF636A67
:10DA00000121002B21D04918012B1ED00231022BFD
:10DA10001BD00231032B18D00231042B15D0023158
:10DA2000052B12D00231062B0FD00431072B0CD05E
:10DA30001031082B09D02031092B06D040310A2B98
:10DA400003D07F390B2B00D1FF31F9F7C9FC656892
:10DA5000400029006B08C018F9F7C2FC80B203002F
:10DA6000164A103B934200D974E40F2302009A43F4
:10DA7000130000072268400F1843D06000226AE4B8
:10DA800024F4000000127A0000093D00AAB028002A
:10DA900080841E00006A18005558140040420F0090
:10DAA00020A1070090D0030048E801000024F40002
:10DAB00055150000CC0C0000AA0A0000EFFF000082
:10DAC000836A30B5DA0706D50168284C4A682240D7
:10DAD000C46A22434A609A0706D50168244C4A6802
:10DAE0002240046B22434A605A0706D50168214C44
:10DAF0004A682240446B22434A601A0706D50168EF
:10DB00001D4C4A682240846B22434A60DA0606D5DF
:10DB100001681A4C8A682240C46B22438A609A06C4
:10DB200006D50168164C8A682240046C22438A603C
:10DB30005A0610D50168134D4A68446C2A402243A6
:10DB40004A6080225203944205D14A680E4C22401A
:10DB5000846C22434A601B0606D502680B49536851
:10DB60000B40C16C0B43536030BDC046FFFFFDFF4F
:10DB7000FFFFFEFFFFFFFBFFFF7FFFFFFFEFFFFF4A
:10DB8000FFDFFFFFFFFFEFFFFFFF9FFFFFFFF7FF3D
:10DB9000F8B504000E0015001F002268D369334059
:10DBA0009B1B59424B41AB4201D000201EE0069B1B
:10DBB0000133F3D0FCF768FB069BC01B834201D303
:10DBC000002BEAD1220008CA0948196801401960EF
:10DBD0009968A330FF30814399602023D3672200E6
:10DBE0000832D36700237C3423700230F8BDC0466E
:10DBF0005FFEFFFF030073B50026040088331E603C
:10DC0000FCF742FB236805001B681B0717D4236839
:10DC10001B685B070AD580210F4B00220093C903C4
:10DC20002B002000FFF7B4FF002813D12023002091
:10DC3000221DD3677C340432D36720700BE080212F
:10DC4000054B32000093890303002000FFF7A0FF7B
:10DC50000028DCD0032076BDFFFFFF0170B5041E55
:10DC600001D1012070BD051DEB6F002B04D1020016
:10DC70007C32137005F020FA242301212268EB671F
:10DC8000136820008B431360FFF700FB0128E8D0E6
:10DC9000A36A002B02D02000FFF712FF2368084977
:10DCA0005A6820000A402A215A609A688A439A607A
:10DCB000012219680A431A60FFF79CFFD2E7C046A9
:10DCC000FFB7FFFF0123F0B587B002AA13705370AE
:10DCD0009370032202A9CA7002250022072604AC11
:10DCE0008A71CA710E714B71A5700421070005007D
:10DCF000083222702271426E6170E1706371A3710B
:10DD0000E3716A376835002A03D13B802B8007B066
:10DD1000F0BD03689A689B6801925B0F02AAD05C11
:10DD2000E15CC000F9F7E6FB019B38805B0E1E400A
:10DD300002AB985DA15DC000F9F7DCFB2880E6E747
:10DD4000704770477047000070B504007C3422783B
:10DD50000223012A10D001260268051D2233EB6739
:10DD600011681368B3431360044B194000234366E2
:10DD700011602022EA672370180070BDFFFFFFDFEB
:10DD8000F8B505007C352B7804000220012B17D054
:10DD9000242322680138261D2870F367176813684A
:10DDA0008343136093682000DB00DB081943916014
:10DDB000FFF788FF236800201F602023F367287087
:10DDC000F8BD0000F8B505007C352B780400022072
:10DDD000012B17D024230138261D2870F3672368F0
:10DDE0001F681A6882431A609A6807480240114304
:10DDF00099602000FFF766FF236800201F60202342
:10DE0000F3672870F8BDC046FFFFFFF1164B30B531
:10DE10005B18013B1B78D568C018936804682B43D6
:10DE200015692B4355692B4395692B43D5692B43C2
:10DE3000956A2B430D4D2C40234303605368146AAD
:10DE4000C3601368526A836043681B0C1B0423433E
:10DE50004360FF20064BC91889000B6883431343B6
:10DE600000200B6030BDC046357A01080F80FFFFEF
:10DE7000FF810010174B37B598421DD18025164AF7
:10DE8000AD04D46B2C43D463D36B2B400093009B25
:10DE90000368CC685B005B0803600B68026823437F
:10DEA0004C688968E402234389010B430B490A400B
:10DEB0001343036000203EBD094B9842E8D1802502
:10DEC000054AED04D46B2C43D463D36B2B400193F0
:10DED000019BDDE700A00040001002400000F1FFC0
:10DEE00000A40040002303600733436009338360CC
:10DEF0000933C36070470000294A8301D2180C23FC
:10DF000030B51C25D46A116B60225843254B1B1871
:10DF10005878A84390435870002C20D000208142AC
:10DF200016D104215878A8430143597080218902F1
:10DF30008C420ED0C02189028C420ED08021490231
:10DF40008C4204D159789143403A0A435A700120D7
:10DF500030BD597891434022F7E75978F5E7081E1C
:10DF6000F6D004205C78AC43204358708020000336
:10DF700081420ED0C020000381420ED08020C0021A
:10DF8000814204D15978914320220A435A700220D9
:10DF9000DEE7597891434022F7E75978F5E7C04624
:10DFA000F4410020F8020020F0B5032787B0019368
:10DFB00093781F4DBB439C460223674686010400AD
:10DFC0003B43A819026193700C230F276343194A3E
:10DFD000C160995CB9439954D3180322597891438D
:10DFE000803211405970019B4363200000F0F6F924
:10DFF000705102A8FFF776FF02A97059FFF73AFFA8
:10E0000073590D491A6820001140F82252040A433E
:10E01000C0211A60DA6809010A43DA6080221968AF
:10E0200012060A431A6000F09DFC07B0F0BDC0461E
:10E03000F4410020F8020020FFFF0FE010B50400BB
:10E0400000F0D2FC0C226243054BA4019B18012274
:10E0500099780A439A70034B1C19636B984710BD5B
:10E06000F8020020F4410020002070470023F0B5A2
:10E070000B7085B083010393D44B029282019B18ED
:10E080001B6907001B780191DB0603D502252800D8
:10E0900005B0F0BD0C23190001254143CC4C60189C
:10E0A00082782A4206D0AA4382700F200A5D8243FA
:10E0B00013430B550C237B43E05C0007000F0D2836
:10E0C000E4D8F9F779F91B0033005400DA00AA000C
:10E0D000DA00F70020010E000E00E3FFE3FF33013A
:10E0E0004F01380000F036FD0C230F217B43E25C2A
:10E0F0008A43110001220A43E254C7E7B34BBA0135
:10E100009B588022196912020A431A6180221969F8
:10E11000D2010A43C221FF201A61AE4B89005A582E
:10E1200082435A50802252001A60DDE73800FFF720
:10E13000E3FE0C23032102007B43E51868780A40C4
:10E14000884310431C226870104002D101256D42A3
:10E150009DE70F21E25C8A430B390828CBD00221CE
:10E160000A43E254FCF790F8686065258FE70C26B7
:10E17000FCF78AF87E43964DAC196368C01AA0601C
:10E180003800FFF7B9FE0323032203406078904371
:10E19000184314236070184216D0A068642810D960
:10E1A000380000F047FD8C4B984200D9FBE0022577
:10E1B0000C237F215F43864BDB195A780A405A7043
:10E1C00065E764252D1AF3E7804BBF01DB191B6956
:10E1D0001B785B0700D559E740B2002809DBFCF744
:10E1E00053F8802362785B421343606063700C25B0
:10E1F0004DE7FCF749F86368C01AA0600C2800D806
:10E2000044E77F22637813406370735D703A9343F1
:10E210001A0008231343735538E73800FFF76CFEE4
:10E220000C22110003267943694C304065186B7845
:10E23000B34318436870C006430F012B03D0002B73
:10E240000ED0B34282D157430F220225E35D9343A0
:10E250002B43E355FCF718F8E4190538606016E71E
:10E260000F200A5D012582431000092202430A554E
:10E27000019A1570029A136009E7380000F0DAFC81
:10E28000554B0A25984200D901E70C231C207B43FB
:10E29000E1184A78002582434A700F21E25C8A43E4
:10E2A000110008220A43E2540123019A1370029BD1
:10E2B0001D60ECE60C243800FFF71EFE7C43444B47
:10E2C00003261D19030068783340B04318431C230C
:10E2D00068701840142800D138E7380000F03AFC84
:10E2E0000F223B4BE35C93431A0009231343384A44
:10E2F000A3540023029A13606B78019AB3436B70A6
:10E300000123137022E70C243800FFF7F5FD7C434E
:10E310002F4B03261D19030068783340B043184380
:10E320001C23687018401028D7D10FE7380000F080
:10E330005BFB00230C25029A7D43136003226619C0
:10E340007378934373700123019A1370FBF79CFF5A
:10E350000F22635D706093431A00092313436355D2
:10E360001A2594E60C25FBF78FFF7D436619736829
:10E37000C01A1A2800D889E6380000F0F3FA134AC8
:10E3800004219446039B63441A6913788B431370EA
:10E39000FBF77AFF0F22635D706093431A0001233D
:10E3A0001343635572E60F22735D380093430C3AB2
:10E3B000134373550225019B1D706178029B8907E9
:10E3C000890F196000F04CFBF2E6C046F4410020D2
:10E3D000F802002000E100E09411000000487047BE
:10E3E00000A40040002300B58DB00393049305936F
:10E3F00007930893099302930193802380229B0142
:10E4000006920B9300280FD1094A0130916B01430A
:10E410009163936B062103400093009B3C2301AA68
:10E4200004480A93FFF7F2FC03480DB000BDC04654
:10E4300000100240000002406C00024070470000E3
:10E44000102300B58DB0039380220023069204931D
:10E45000059307930893099302930193984212D16D
:10E4600001200A4A916B01439163936B072103409A
:10E470000093009B3D230A93802301AA5B0104487B
:10E480000B93FFF7C3FC03480DB000BD0010024022
:10E49000000002408000024070477047F7B54D4DC4
:10E4A000820154596369216919420BD002210B4240
:10E4B00009D0A369AD181943A16101216A681368E5
:10E4C0008B431360F7BD042633420BD0AD186B6944
:10E4D000984701216A6813688B431360A3691E4340
:10E4E000A661EFE708210B42E3D110210B4203D0D4
:10E4F000A3691943A161E5E720210B4207D0A36975
:10E50000AD181943A161AB6A05219847DAE74021AC
:10E510000B42EDD1802189000B42E9D18026F60023
:10E52000334203D0AD182B6A9847D7E78021090101
:10E530000B4203D00122284B1A70D9E780214901F0
:10E540000B422CD0E26A86010192A2691143A161BB
:10E55000A9198A68009212681700012297433A00AD
:10E56000009F3A601C4F9B040AD43B78002B07D1D4
:10E570006B469A880723A46A1C404B6A210098477F
:10E580000023AD19AA6B3B70AB68DA60842252009D
:10E590005A601968083AFF3A0A431A6092E78021E4
:10E5A000C9010B4210D0C020AD18C022636980029F
:10E5B0000340EB626369120313402B63A3691943A1
:10E5C000A1616B6B98477DE7802109020B4200D166
:10E5D00078E7E8E7F44100200403002010B50020AC
:10E5E000FFF75CFF10BD0000044BC200D35810B50C
:10E5F0009B68002B00D0984710BDC0460803002040
:10E60000044BC200D35810B5DB68002B00D09847EC
:10E6100010BDC04608030020044BC200D35810B5FB
:10E620001B69002B00D0984710BDC046080300208E
:10E6300001207047044BC200D35810B55B68002B13
:10E6400001D00521984710BD0803002037B50023ED
:10E650006A46137001336C4653700222A270013275
:10E66000E2700132227102326271615C04290FD9B9
:10E6700006290CD11E250D4AC40013195B682B40D6
:10E68000AB420DD1A3585B68002B00D0984737BD33
:10E690008B40064AC400121952681A409342F6D1C0
:10E6A000024BC200D3581B68EEE7C04608030020A7
:10E6B00010B50C4C8301E3180B4C9A635C610B4C56
:10E6C000C0009C610A4CDC610A4C1C620A4C5C6212
:10E6D0000A4C9C620A4B029C1A18C15054600020DC
:10E6E00010BDC046F441002019E6000801E600080C
:10E6F00031E6000835E600084DE60008E9E50008C7
:10E700000803002000487047B10300007047002351
:10E7100010B51A0000F06CF810BD10B500F068F8E4
:10E7200010BD10B500F0BAF8002010BD10B50729D3
:10E7300001D100F049F8002010BD10B500F038FA02
:10E7400010BD10B500F044FA10BD0000C30002482F
:10E75000C01841607047C0460803002010B500F0A3
:10E7600043FA10BD10B500F059FA10BD10B500F015
:10E7700063F910BD10B500F069F910BD0120054A1C
:10E7800082B0116C01431164136C03400193019B2F
:10E7900002B070470010024007B58022094B5205B5
:10E7A000D96B0A438021DA639A6B49010A439A6361
:10E7B0009B6B0B400193019B00F046FA002006F092
:10E7C000F7F907BD001002400722084B8001C3582B
:10E7D000D96891431A68520052081A60802218685A
:10E7E000120602431A60D9607047C046F441002007
:10E7F00030B50400052908D1244B8401E2580823D0
:10E80000D1680B43D36000203FE007293CD80800C3
:10E81000F8F7C8FD041C213A3A3A26311B49A001F9
:10E8200041581B480325C861C868A843C8601748F9
:10E83000A40101194968CA6001224B600D682A438E
:10E840000A6022581362D1680423DAE70F49A00155
:10E8500041581048E6E70D49A00141580E48E1E74C
:10E860000A49A00145580320E968814308000121B5
:10E870000143E960DBE70549A00145580320E96849
:10E88000814308000221F3E7022030BDF44100205B
:10E8900018E30800181B0300D86003000321074B8E
:10E8A0008001C358DA688A43110002220A43DA6001
:10E8B0000422D9680A43DA607047C046F441002058
:10E8C00010B50400FFF75AFF1F4AA00113181B6977
:10E8D0009B789B079B0F012B24D0002B1AD0022B77
:10E8E00027D013581949D868194A0840D860D86801
:10E8F0001040D860DA6817481140C02212010A435C
:10E90000DA60154A116883421AD08023DB000B437A
:10E91000136010BD84581149E368194080230B43EC
:10E92000E360DEE784580D49E368194080235B000B
:10E93000F5E7C02481586400CB682343CB60D0E75F
:10E9400080239B00E3E7C046F4410020FFF3FFFF74
:10E95000FFFDFFFF00A00040000001407FFEFFFF21
:10E9600070470000802270B5194D840163599203ED
:10E97000D9680A43DA608022D96852030A43DA6010
:10E98000FFF7FCFE62591348D3680340D36080232D
:10E99000D6689B001E43D660D1680F4E0840C02148
:10E9A00009010143D1600D490868B24201D08023BA
:10E9B000DB0003430B600120FBF76CFC2B5908497B
:10E9C000DA680A40DA60DA6806490A40DA6070BD3F
:10E9D000F4410020FFF3FFFF00A0004000000140D1
:10E9E000FFFFDFFFFFFFEFFF10B50400FFF7C6FEDC
:10E9F0000B4BA401E3580B49DA680B480A40DA6074
:10EA0000DA680A490A40DA60094A1168834204D088
:10EA10008023DB000B43136010BD80239B00F9E7CC
:10EA2000F4410020FFFDFFFF00A000407FFEFFFF3C
:10EA30000000014070470000034B8001C2582023B2
:10EA4000D1680B43D3607047F44100202021034B71
:10EA50008001C258D3688B43D3607047F4410020D3
:10EA6000F7B507000191FFF7EBFC374DBC012E19FC
:10EA700070603800FFF7B6FC6359B0601A0030329E
:10EA80008260B26BC2608422520042600168083A20
:10EA9000FF3A0A43190002607268243191601969D3
:10EAA0002A4A0A431A61019AF2633269284E12789F
:10EAB000520739D5C022D968120131400A43019961
:10EAC000DA6001394A1E9141DA6810004022904311
:10EAD000020088010243DA602B19DB681B7A9B076E
:10EAE00003D501313800FFF7D8FC2B19DB6B2A590D
:10EAF000012B23D1D36833408026F60010211E431A
:10EB00002B59D660DA688A43DA6080221968D20508
:10EB10000A431A608022196892050A431A6020226B
:10EB2000D9680A43DA60F7BD019A8021012A03D02F
:10EB30000901DA683240C1E7C900FAE7D368334017
:10EB400080263601DAE7C046F44100207E1E000030
:10EB5000FFF3FFFFF8B5134D86017359124A196888
:10EB6000124F1140196019680400394019602021C2
:10EB7000D8688843C0210902D8601961196820004B
:10EB8000114019601A683A401A60FFF785FC2000AE
:10EB9000FFF754FCC02172590901D3680B43D360BD
:10EBA000F8BDC046F4410020FFFFFFBFFFFFFFDFBD
:10EBB000054B8001C158054ACB681A4080235B0091
:10EBC0001343CB607047C046F44100207FFEFFFF37
:10EBD000C021044B8001C2584900D3680B43D36065
:10EBE0007047C046F441002083010948C018C36B38
:10EBF000012B03D0022B08D0002005E0C06A054B92
:10EC0000C01843425841C0B27047006B024BF7E74F
:10EC1000F44100200000FDFF0000F4FF044B8001E0
:10EC2000C2588023D1689B020B43D3607047C04613
:10EC3000F441002010B505F0C5FF10BD10B505F07A
:10EC4000CDFF10BD0020704773B501202B4A8024F2
:10EC5000D16BE4050143D163D36B70220340019370
:10EC6000019B2368002093432360254B1D68254B9F
:10EC70009D4204D924492800F8F7B2FB0138A0626C
:10EC8000A16A28000131F8F7ABFB0022632807D9FD
:10EC90006421A36A280001335943F8F7A1FB421EFF
:10ECA00080233020C024DB05DA629A691749184DA9
:10ECB0000A4002439A619A69A4012A4022439A6158
:10ECC000144A566831400843506051680D40022193
:10ECD0002C4354601A6A8A431A621A6A1E318A43A4
:10ECE0001A621A6A0C490A401A621A6A0B490A40E7
:10ECF0001A62012219680A431A6073BD00100240AB
:10ED0000000000203F420F0040420F008CFFFEFF3A
:10ED1000FF8CFFFE18000040FFFDFFFFFFDFFFFF3D
:10ED200010B503280ED88024E405F8F73BFB020C4D
:10ED3000141C606A40181049F8F7D8FB032361637C
:10ED40005B42236110BD606A08180B49F8F7CEFBDF
:10ED50000523A163F4E7606A08180749F8F7C6FBC2
:10ED60000923E163ECE7606A08180349F8F7BEFB82
:10ED700011232164E4E7C0461027000000B50123F9
:10ED8000032808D88022D2051269F8F70BFB020687
:10ED9000080A52081340180000BD9208FAE7D2088A
:10EDA000F8E71209F6E710B500F07CFF002010BD6F
:10EDB0007FB50B0046680168028A0825455F00247C
:10EDC000842D00D0EC1C03A801900094300000F0CA
:10EDD0001BFE0023012800D1039B180004B070BD66
:10EDE00010B500F0DDFE002010BD10B5002800D1E8
:10EDF000013001F079F8002010BD10B54168002203
:10EE0000006800F000FB10BD1FB5002301910393C3
:10EE10009A4200D10122EFF30583002B12D0002388
:10EE200003AA01A900F0B1FB012802D0FF2005B020
:10EE300000BD039B002B03D08022054B52051A60B6
:10EE40000020F4E701A900F0FFFA0128EED1F7E76E
:10EE500004ED00E0F0B5002785B001AC0500160018
:10EE60000800A1606760B94207D1802301932B009D
:10EE700007CC07C3280005B0F0BD0097EFF305836A
:10EE8000002B11D06A4602A900F0F4FC012809D138
:10EE900010232360009B002BE9D08022094B5205F0
:10EEA0001A60E4E72760F5E702A900F0B7FB012844
:10EEB00002D110232360DAE7731E9E41B60101964A
:10EEC000D5E7C04604ED00E00300012208334360AB
:10EED000C3600361002352428260036070470023D5
:10EEE0000361704743689A684B608A609A68516012
:10EEF00099600368086101330360704703000A6882
:10EF000030B50833541C0BD103695A684A609160CC
:10EF10008B605960036808610133036030BD2300D2
:10EF20005C682568AA42FAD2EFE741688268036903
:10EF30008A60826851605968884200D15A60002214
:10EF400002611A68013A1A6018687047002382B09B
:10EF50000193064B1B68013301D072B6FEE772B60F
:10EF6000019B002BFCD002B07047C0460C00002073
:10EF70000B4A13681868203080F30988022080F358
:10EF80001488BFF36F8F3FBCAE4608BC04BC62B6AA
:10EF90001847C046C046C046C046C046C046C046E8
:10EFA0000832002010B58024031F64041C60043B59
:10EFB00019600349043B1960143B40381A6010BDC6
:10EFC0004DEF000870470000FF22124B1204196831
:10EFD00070B50A431A60FF221968002412060A431A
:10EFE000FA211A600C4D0D4B2C601C600C4B8900F3
:10EFF0001868F8F7F5F90B4B0138186007232B60F8
:10F00000094B1C60FFF7B4FF00F088FFFFF79EFF7D
:10F01000200070BD20ED00E010E000E018E000E00E
:10F020000000002014E000E00C0000208022044BCF
:10F0300052051A60BFF34F8FBFF36F8F7047C04602
:10F0400004ED00E072B6044A136801331360BFF3A5
:10F050004F8FBFF36F8F70470C000020054A136875
:10F06000002B01D172B6FEE7013B1360002B00D1EB
:10F0700062B670470C000020EFF3108072B6704744
:10F0800080F31088704700000000000000000000BE
:10F09000EFF309800E4B1A6820381060F0C0444628
:10F0A0004D4656465F46F0C008B572B600F036FFD2
:10F0B00062B60CBC116808681030F0C8A046A946BA
:10F0C000B246BB4680F309882038F0C81847C046CE
:10F0D0000832002010B5FFF7CFFF040000F01EFE3D
:10F0E000002803D08022034B52051A602000FFF74E
:10F0F000C7FF10BD04ED00E010B50F4B1A68824247
:10F1000018D35C681919884203D14168180009199D
:10F11000596041684418A24207D1084C2468A242B1
:10F1200003D054681268611841600260984200D0B0
:10F13000186010BD1300E1E700320020100300202A
:10F14000F8B5040000F0DCFD374A38481368002B9E
:10F150001DD137490733194235D0CD189D43354B62
:10F16000C9184B1B29000025334ECB187560316040
:10F170000726083BB3431D605D605D1A136028C11C
:10F180002E4B1D602E4B1D6080231B0603600668FE
:10F19000344216D1002C14D02300072108330B422F
:10F1A00001D08B430833002B0BD025490D68AB42AF
:10F1B00007D821490C686068834206D812689442D7
:10F1C0000AD1002527E01B4BCDE72768BC46002F5E
:10F1D000F4D021006446EEE70A68170022680A604E
:10F1E000C21A102A08D9E018410701D072B6FEE70A
:10F1F00042606360FFF780FF6368114AED1A156093
:10F200000E4A11688D4200D215601E433D00002356
:10F2100008356660236000F0FFFD6B0701D072B611
:10F22000FEE72800F8BDC04610030020F43100209E
:10F2300014030020E02E000000320020FC310020EA
:10F24000F831002010B500281BD00E4A083843685A
:10F25000126804001A4201D172B6FEE70168002963
:10F2600001D072B6FEE79343436000F049FD064AC1
:10F270006368116820005B181360FFF73DFF00F022
:10F28000CBFD10BDF4310020F831002010B5040092
:10F29000FFF7D8FEA46BFFF7E1FE6042604110BDAE
:10F2A00070B51600026C0400856B002A0AD106684E
:10F2B0001000002E03D1606801F020F8666001356F
:10F2C000A56370BD002E0DD1806806F017F8A36805
:10F2D000226C30009B186268A3609342EFD32368CE
:10F2E000A360ECE7C06806F009F8236CE2685B42B3
:10F2F0002168D218E2608A4202D26268D318E360C1
:10F300000020022EDBD12B005A1E9341ED1AD6E7C6
:10F3100003001A6C10B50800002A0AD0D9685C688E
:10F320008918D960A14201D31968D960D96805F05C
:10F33000E5FF10BD70B505002E004536FFF782FED3
:10F34000347864B2002C10DCFF2333702E00443676
:10F35000FFF784FEFFF776FE347864B2002C11DCF0
:10F36000FF233370FFF77AFE70BD6B6A002BEBD082
:10F370002800243000F02CFE002801D000F0A2FE6E
:10F38000013CDEE72B69002BEAD02800103000F0AA
:10F390001FFE002801D000F095FE013CDDE770B5AE
:10F3A00004000D00002801D172B6FEE7FFF74AFE07
:10F3B000216CE36B22684B43D0185B1AD318E360CF
:10F3C00023006060A2600020FF224433A0631A7013
:10F3D0005A7085420ED12369834207D02000103035
:10F3E00000F0F6FD002801D0FFF720FEFFF736FE03
:10F3F000012070BD20001030FFF766FD2000243092
:10F40000FFF762FDF2E7F8B506000D0017000028CF
:10F4100001D172B6FEE7080070435030FFF790FE4E
:10F42000041E0BD0002D0BD12060E6632564012162
:10F430002000FFF7B4FF23004C331F702000F8BDFD
:10F44000030050330360F0E7F0B585B0040000918D
:10F4500001921D00002801D172B6FEE7009B002B2F
:10F4600000D06FE0036C002B00D16BE072B6FEE7BA
:10F47000019E002E03D1FFF7F1FD002054E0002F84
:10F4800002D102A800F0E0FDFFF7E8FD00F038FC33
:10F49000FFF7D8FD2200443213785BB2013301D16B
:10F4A000002313702200453213785BB2013301D17F
:10F4B00000231370FFF7D2FD01A902A800F0D0FDD0
:10F4C000002839D1FFF7BEFDA76BE66BFFF7C6FD3D
:10F4D000B7422BD120000199103000F067FD2000C9
:10F4E000FFF728FF00F098FC002801D1FFF79EFDF0
:10F4F0000127FFF7A7FDA36BE26B934201D3022D17
:10F50000B6D12A0000992000FFF7CAFE636A002BDB
:10F5100003D02000243000F05BFD002801D0FFF76D
:10F5200085FDFFF79BFD012005B0F0BD2000FFF732
:10F5300001FF00F071FCDBE72000FFF7FBFE00F0AD
:10F540006BFC9AE7022D02D1E36B012B09D100F08D
:10F5500087FE00270028CCD1019F002FC9D072B6AA
:10F56000FEE772B6FEE710B5020000210120FFF7AA
:10F570004AFF041E07D0002141600160C1600B00FA
:10F580000A00FFF761FF200010BDF0B585B0040050
:10F59000019117001E00002801D172B6FEE7019B01
:10F5A000002B19D1036C002B16D072B6FEE7200099
:10F5B000243000F00DFD00282CD0002F2AD001258A
:10F5C0003D600398FFF75CFD280005B0F0BD0135F4
:10F5D000029B6DB21D701DE0022E02D1E36B012B68
:10F5E0001AD1FFF749FDA36BE26B0390934202D35C
:10F5F0000025022EE5D12300453302931D78320009
:10F600006DB201992000FFF74BFE6B1CDFD1636ADE
:10F61000002BCCD10125D4E772B6FEE7F0B585B05A
:10F6200004000F000192002801D172B6FEE7002904
:10F6300000D06FE0036C002B00D16BE072B6FEE7E8
:10F64000019D002D03D1FFF709FD00204FE0002EA2
:10F6500002D102A800F0F8FCFFF700FD00F050FB1B
:10F66000FFF7F0FC2200443213785BB2013301D182
:10F67000002313702200453213785BB2013301D1AD
:10F6800000231370FFF7EAFC01A902A800F0E8FCD0
:10F69000002834D12000FFF7F9FD002829D02000F0
:10F6A0000199243000F082FC2000FFF743FE00F0B7
:10F6B000B3FB002801D1FFF7B9FC0126FFF7C2FC1C
:10F6C000A56B002DBCD039002000013DFFF720FEC6
:10F6D000A5632369002B07D02000103000F078FCD0
:10F6E000002801D0FFF7A2FCFFF7B8FC012005B00D
:10F6F000F0BD2000FFF71EFE00F08EFBDDE72000CE
:10F70000FFF718FE00F088FB2000FFF7BFFD002880
:10F71000D3D09AE700F0A4FD00260028CED1019EA8
:10F72000002ECBD072B6FEE7F0B585B0041E019175
:10F7300001D172B6FEE7056C002D01D072B6FEE76E
:10F7400000F08EFD002803D1019D002D00D08FE038
:10F750002E000127FFF776FCA36B002B18D0013B8E
:10F76000A3632368002B02D100F0E0FE60602369F0
:10F77000002B07D02000103000F02AFC002801D018
:10F78000FFF754FCFFF76AFC0125280005B0F0BD27
:10F79000019B002B06D1002D01D072B6FEE7FFF7CA
:10F7A0005DFCF2E7002E02D102A800F04DFCFFF74D
:10F7B00055FC00F0A5FAFFF745FC2200443213780F
:10F7C0005BB2013301D1002313702200453213785C
:10F7D0005BB2013301D100231370FFF73FFC01A995
:10F7E00002A800F03DFC002825D12000FFF74EFDC7
:10F7F00000281AD02368002B07D1FFF723FC60688C
:10F8000000F03EFD0500FFF729FC2000019924309F
:10F8100000F0CCFB2000FFF78DFD00F0FDFA002882
:10F8200001D1FFF703FC3E0094E72000FFF782FDC3
:10F8300000F0F2FAF7E72000FFF77CFD00F0ECFAA9
:10F840002000FFF723FD0028EDD0002D9DD0FFF70D
:10F85000F9FB0021636A8B4203D0236B07311B68DD
:10F86000C91A606800F080FD0025FFF7F7FB8CE700
:10F8700072B6FEE7F0B5050085B00F00160000284F
:10F8800001D172B6FEE700291AD1036C002B17D004
:10F8900072B6FEE72800103000F09AFB002827D04F
:10F8A000002E25D0012434600398FFF7E9FB2000E7
:10F8B00005B0F0BD019B029A01335BB2137017E0F3
:10F8C000FFF7DAFBAC6B0390002CEDD02B00443338
:10F8D00002931B7839005BB228000193FFF718FDF3
:10F8E000019B013CAC630133E4D12B69002BD1D1E6
:10F8F0000124D9E710B5040005F0EEFD2000F7F76C
:10F9000049FD20230E2803D900232018037010BDC1
:10F9100023540130F6E70000074A13681968074BC3
:10F92000002903D1012252421A6070471268D2683E
:10F93000D2685268F8E7C0460C320020E832002056
:10F94000F8B50400144B154D1E6828680F000430EC
:10F95000FFF7EBFA631C07D1002F05D02968104888
:10F960000431FFF7BFFAF8BD2B6834195C60A6427A
:10F9700006D90C4B186829680431FFF7BFFAF2E783
:10F98000094B186829680431FFF7B8FA074B1A6861
:10F990009442E8D21C60E6E73033002008320020B1
:10F9A00008330020103200200C320020E832002002
:10F9B00070B5114C2368002B06D1104B1B68012B2E
:10F9C000F7D9FFF733FBF4E7FFF73CFB0C4BDB68A1
:10F9D000DD68281DFFF7A9FA0A4A1368013B136086
:10F9E0002368013B2360FFF739FB286BFFF72AFCF4
:10F9F0002800FFF727FCDCE7A832002014320020A3
:10FA00001C330020A4320020F0B5950085B0029090
:10FA100028000F000393FFF793FB061E00D196E02A
:10FA20006020FFF78DFB041E00D18DE006632A00E5
:10FA3000A521300005F06BFC236B043D5D19072305
:10FA40009D43002300951A00F95C3432A154FA5CFE
:10FA5000002A02D00133102BF5D1230000250A9E85
:10FA600043331D70062E00D90626231D1800E662BA
:10FA7000E66425650193FFF732FA20001830FFF79E
:10FA80002EFA07239E1B23005C332461A661646267
:10FA90006565A565039A1D7002990098FFF782FAC3
:10FAA0000B9B2060002B00D01C60FFF7CBFA2F4B84
:10FAB0002F4D1A6801321A602A68002A4AD12C6038
:10FAC0001B68012B1DD12B4E37008C3730001436AC
:10FAD000FFF7FAF9B742F9D1274E3000FFF7F4F9F2
:10FAE000264F3800FFF7F0F92548FFF7EDF92548D4
:10FAF000FFF7EAF92448FFF7E7F9244B1E60244B8F
:10FB00001F60244A136801331360234A6364116839
:10FB1000E36A8B4200D9136014205843154B0199B6
:10FB20001818FFF7DFF9FFF799FA1C4B01261B683D
:10FB3000002B06D02B68DA6AE36A9A4201D2FFF7FB
:10FB400075FA300005B0F0BD3000FFF77BFB0126F1
:10FB50007642F6E7114B1B68002BD2D12B68E26A84
:10FB6000DB6A9342CDD82C60CBE7C046A43200209C
:10FB70000832002014320020BC320020D032002095
:10FB8000F03200201C330020083300200C3200200B
:10FB900010320020B4320020B8320020043300209C
:10FBA00070B50400FFF74EFA1E4D002C00D12C68F2
:10FBB000261D3000FFF7B9F9A36A002B03D02000FF
:10FBC0001830FFF7B2F9184A1368013313602B6835
:10FBD0009C4216D131001548FFF784F9144A136886
:10FBE00001331360FFF73AFA124B1B68002B17D052
:10FBF0002B689C4214D1104B1B68002B0ED072B6A0
:10FC0000FEE70E4A206B1368013B1360FFF71AFBF7
:10FC10002000FFF717FBFFF77FFEE3E7FFF706FA89
:10FC200070BDC04608320020B43200201C330020D2
:10FC3000A832002004330020B0320020A43200207B
:10FC400070B5051E01D172B6FEE7114B00201B688E
:10FC50009D4214D0FFF7F6F96C69FFF7FFF90D4BE1
:10FC600002201B689C420AD00B4B1B689C4206D0AA
:10FC70000A4B9C4204D1A86A43425841023070BDED
:10FC8000074B04209C42FAD0002CF8D00338F6E74A
:10FC9000083200200C3200201032002008330020EF
:10FCA0001C33002013B500240E4B00940193402216
:10FCB00023000D490D48FFF7A7FE01280DD172B6AC
:10FCC00001220B4B52421A600A4B18600A4B1C600F
:10FCD0000A4B1C60FFF778F913BD431CFCD172B6C8
:10FCE000FEE7C046E4320020687A0108B1F9000856
:10FCF000E8320020043300203033002094400020FC
:10FD0000024A1368013313607047C046B0320020C6
:10FD1000014B18687047C04630330020334BF7B5AD
:10FD20001B68002B35D1324B1C6801341C60002C41
:10FD300011D1304B1A681268002A01D072B6FEE762
:10FD40002D4A19681068186011602C4A1368013335
:10FD50001360FFF7E1FD2A4F00263B689C4207D362
:10FD6000244B1A681268002A19D101235B423B60B8
:10FD7000244B1B68DA6A14235343234AD358012BBC
:10FD800000D90126214B1B68002B00D00126300032
:10FD9000FEBD1F4A0026136801331360F2E71B689B
:10FDA000DB68DD686B689C42E1D32B1D1800019372
:10FDB000FFF7BBF8AB6A002B03D028001830FFF721
:10FDC000B4F8144BE86A1A68904200D918601423FA
:10FDD00058430D4B291D1818FFF784F8094BEA6AA0
:10FDE0001B68DB6A9A42BBD30126B9E7B032002018
:10FDF000303300200C32002010320020EC32002082
:10FE0000E832002008320020143200203433002071
:10FE1000AC320020B8320020F8B52B4C2368002B00
:10FE200001D172B6FEE7FFF70DF92368013B2360AD
:10FE30002468002C04D00024FFF710F92000F8BD3E
:10FE4000224B1B68002BF6D014260127204B1A6882
:10FE5000002A1AD1002C01D0FFF75EFD1D4D2C6841
:10FE6000002C0AD00126FFF759FF002801D01A4BB9
:10FE70001E60013C002CF6D12C60174B1B68002B38
:10FE8000D9D0FFF7D3F80124D6E7DB68DC6820007F
:10FE9000251D1830FFF749F82800FFF746F80F4BEB
:10FEA000E06A1A68904200D9186070430C4B290030
:10FEB0001818FFF717F80B4BE26A1B68DB6A9A42C7
:10FEC000C4D3054B1F60C1E7B0320020A43200202C
:10FED000F0320020AC32002034330020B832002051
:10FEE000143200200832002070B5041E02D1FFF742
:10FEF0009DF870BD084B1D68002D01D072B6FEE75D
:10FF0000FFF7FEFE29002000FFF71AFDFFF784FF30
:10FF10000028EED1EBE7C046B03200201C4B30B5D4
:10FF20001A681C4B002A02D001221A6030BD1A60E8
:10FF300019491A4B1A680B689A4205D91848006883
:10FF4000446DE31A9B184365142516480A6002683D
:10FF500015492B0053435C58002C12D0CC1865680F
:10FF600008336D68CB1865609D4201D16B68636092
:10FF700014235343C9184B68D968094B19600260B0
:10FF8000D4E7002A01D172B6FEE7013AE1E7C046A4
:10FF9000B032002034330020A032002094400020F2
:10FFA00008320020B83200201432002010B50C00B6
:10FFB000002801D172B6FEE7044B19681831FEF72C
:10FFC0009DFF01212000FFF7BBFC10BD083200207F
:10FFD000C36870B5DC68002C01D172B6FEE725005D
:10FFE00018352800FEF7A1FF114B1B68002B1BD111
:10FFF000251D2800FEF799FF0E4AE36A11688B421F
:020000040801F1
:1000000000D913601420290043430B48C018FEF7A1
:1000100069FF0A4BE26A1B680020DB6A9A4202D938
:10002000074B0130186070BD29000648EFE7C04655
:10003000B0320020B83200201432002008320020F4
:1000400034330020F0320020034B1B680360034B65
:100050001B6843607047C046EC32002030330020FC
:1000600070B505000C00002801D172B6FEE700292A
:1000700001D172B6FEE7FEF7E5FF104B69681A681A
:1000800023680026581C10D00D482E680068864250
:1000900002D001268A4208D2521A9A4209D29B1AE9
:1000A00023602800FFF7D0FF0026FEF7D7FF3000BF
:1000B00070BD002301262360F7E7C04630330020DF
:1000C000EC3200200122014B1A60704734330020CB
:1000D00070B50D001600041E01D11C4A14682200E0
:1000E00034326A60E26A2C602A61226BEA61626CD7
:1000F000AA60E26C6A61626DAA61052B1DD0134A89
:10010000126894420CD100232B73002E1CD0216B5B
:100110000B0018785A1AA52814D092082A8470BDAA
:100120002B73032BF1D1FFF7EBFDA36A002B01D05A
:1001300002232B73FFF770FEE7E72000FFF780FD37
:100140002873E2E70133E4E72E84E8E70832002071
:10015000F0B500250B6885B002900C000392AB420D
:1001600022D00E004B6808365B684B60B34201D169
:10017000CB684B6000256368DB68019363685B684C
:1001800063609E4201D1E368636024216368694330
:10019000DF68029B012259183800039BFFF798FF84
:1001A000019B0135BB42E9D1280005B0F0BD00003C
:1001B000F7B504000D000092FFF7A2FD214B0026C9
:1001C0001B68AB423AD8204B24251F00143B7837DC
:1001D000019328007043390020180122FFF7B8FF6F
:1001E000019B143F36189F42F3D128007043174BF0
:1001F000022219682018FFF7ABFF36182800704359
:10020000134B022219682018FFF7A2FF36182800A6
:10021000704304220F492018FFF79AFF3618280070
:100220007043032220180C49FFF792FF009B3618F9
:10023000002B03D0094B009A1B681360FFF7ECFDFD
:100240003000FEBDA4320020143200200C32002009
:10025000103200201C33002008330020944000207E
:10026000054B01201B68002B04D0044B1868434247
:10027000584140007047C04604330020B03200208F
:10028000F8B5041E2ED01A4DC16A2B68DB6A99425C
:1002900022D28369002B04DB07222B68DB6AD21A87
:1002A000826114234B43134F6269FB189A421AD19F
:1002B000261D3000FEF739FE2B680F4ADB6A1168F5
:1002C000E3628B4200D91360142058433100381880
:1002D000FEF708FE012005E02B68C06CDB6A98423F
:1002E00080414042F8BD2B68DB6AE362F2E7C0461A
:1002F0000832002014320020B832002070B5041EED
:1003000001D1002070BD154B1B68984201D072B618
:10031000FEE7036D002B01D172B6FEE7C26AC16C25
:10032000013B03658A42ECD0002BEAD1051D280071
:10033000FEF7FBFD0723E06C1B1AA361084BE0628C
:100340001A68904200D918601423434305482900D5
:10035000C018FEF7C7FD0120D4E7C04608320020D0
:10036000B83200201432002070B5041E31D0036D65
:10037000002B01D172B6FEE7C26C8A4200D20A009D
:10038000E06A904225D0012B23D1124B1B689C427E
:1003900001D172B6FEE7A369E262002B02DB0721FE
:1003A0008A1AA261142343430B4E6269F3189A42DE
:1003B0000FD1251D2800FEF7B8FD084AE36A116831
:1003C0008B4200D913601420584329003018FEF7DF
:1003D00089FD70BD0832002014320020B8320020A0
:1003E000F0B500272425234B85B01A6807700292C8
:1003F000060018686843FEF7A3FE0400B8420CD05C
:1004000002993A00FFF7D4FE02900397039A029BE9
:100410009A4204D32000FEF715FF05B0F0BD039B00
:1004200000276B43E3181B7B042B01D8124AD75CCF
:10043000039B30006B43E3185968FFF75BFA060033
:10044000039B039A03996A436943611889686B4364
:100450000191A218128CE31800921B693A00074917
:1004600005F018F83000F6F795FF039B36180133B6
:100470000393CBE7A43200203C7A0108597A0108A3
:10048000F0B500272425264B85B01A680770019225
:10049000060018686843FEF753FE0400B8420ED009
:1004A000019903AAFFF784FE642101900398F6F7EF
:1004B00097FF0390B84204D12000FEF7C3FE05B0B9
:1004C000F0BD0297029A019B9A42F5D2029B0399D2
:1004D0006B43E3189869F6F783FF029B07006B43B1
:1004E000E31830005968FFF705FA0600002F0FD017
:1004F000029A3B006A43A21892690A4904F0CAFFB3
:100500003000F6F747FF029B361801330293D9E714
:10051000029B05496B43E3189A6904F0BBFFEFE7C0
:10052000A4320020417A01084D7A0108044B1A6870
:10053000002A03D019680A6D01320A6518687047ED
:100540000832002070B506000D00FEF77BFD134C4D
:1005500023689B6D002B0AD1012123685C3319703D
:10056000002D04D02800FFF7EBF9FEF75FFDFEF742
:1005700075FDFEF767FD23689D6D002D05D023688E
:100580000022002E00D16A1E9A65002223685C3387
:100590001A70FEF763FD280070BDC04608320020C7
:1005A000F8B504000D00002801D172B6FEE7FEF791
:1005B00063FD230002215C331A781970A36D0700D4
:1005C0000133A365012A23D1A36A002B01D072B69F
:1005D000FEE7154B1B68002B1ED1261D3000FEF7D1
:1005E000A4FC124AE36A11688B4200D913601420FC
:1005F000310043430E48C018FEF774FC0D4BE26A0D
:100600001B68DB6A9A4203D90123002D08D02B60B6
:100610003800FEF735FDF8BD210007481831EBE73B
:10062000064A1360F4E7C046B0320020B83200201A
:100630001432002008320020F03200203433002031
:1006400010B5041E01D172B6FEE70D4904F044FF57
:100650002000F6F79FFE241823002000202100220E
:1006600009330170013002709842FAD1054904F053
:1006700033FF20004B30FFF703FF002010BDC046C2
:1006800010870108867A010810B5041E01D172B6E0
:10069000FEE70D4904F020FF2000F6F77BFE24184A
:1006A0002300200020210022093301700130027054
:1006B0009842FAD1054904F00FFF20005930FFF7A6
:1006C0008FFE002010BDC04610870108FE7E010885
:1006D00010B5002801D172B6FEE7064902F0C0FB52
:1006E0008021A0200022C0050902FAF78FFE002019
:1006F00010BDC0464F7F010810B5041E01D172B66F
:10070000FEE700F089FC03490200200002F0A8FB8C
:10071000002010BD5E7F010813B504001000002CFE
:1007200001D172B6FEE701AA012100F003FA00210F
:1007300005F020FD00F0C4FB03490200200002F098
:100740008FFB002016BDC0466D7A0108F0B500246D
:10075000D3B00700A04201D172B6FEE7E0B200F0CC
:10076000D5FAF7F775FE8D49F7F73EF9A6004EADBD
:1007700001347051042CF1D100F082FB339000F071
:10078000ABFAF7F765FE8549F7F72EF9041C00F080
:10079000B3FFF7F75DFE8249F7F726F9011C061C47
:1007A000201CF7F711FB2F9000F094FF349000F01D
:1007B00097FFF7F74DFE7A49F7F716F9309000F0FA
:1007C00095FFF7F745FE7649F7F70EF93190011CD2
:1007D0003098F7F7F9FA011C32902F98F7F704F9DF
:1007E000469000F08FFF35902868F9F71FFC36908F
:1007F00037916868F9F71AFC38903991A868F9F7C9
:1008000015FC3A903B91E868F9F710FC3C903D915B
:1008100000F0F0FB3E9000F0F3FB3F9000F0F6FBA1
:10082000409000F0EBFA419000F0EEFA429000F0B8
:100830002FFF479000F010FF489000F023FF4990F1
:1008400000F01AFF4A9000F00DFF4B9000F036FFC9
:100850004C9000F039FF4D9000F05AFF439002F0A9
:100860008DFD449001F03AFA4590201CF9F7DEFB2B
:10087000459B040046982C930D00F9F7D7FB2A906E
:100880002B913298F9F7D2FB28902991FA214498BC
:100890008900F6F7A5FDFA21279089004398F6F71D
:1008A0009FFD26903198F9F7C1FB2490259130984F
:1008B000F9F7BCFB229023913598F7F7C9FD394928
:1008C000F7F792F8F9F7B2FB4D9B209021911E9318
:1008D0004C9B1D934B9B1C934A9B1B93499B1A93C8
:1008E000489B1993479B18933398F7F7B1FD2B4911
:1008F000F7F77AF8F9F79AFB429B16901791159340
:10090000419B40981493F7F7A3FD2449F7F76CF83F
:10091000F9F78CFB129013913F98F7F799FD1F4957
:10092000F7F762F8F9F782FB109011913E98F7F70C
:100930008FFD1A49F7F758F8F9F778FB3C9A3D9B79
:100940000E900F912F980C920D933A9A3B9B0A921E
:100950000B93389A399B08920993369A379B0692E3
:100960000793F9F763FB04900591301CF9F75EFBE0
:10097000029003913498F7F76BFD0949F7F734F8C3
:10098000F9F754FB2200009001912B000649380032
:1009900002F066FA002053B0F0BDC046002474494E
:1009A0000050C34700007A44C97A010810B50948CD
:1009B00000F032F8084800F02FF8084800F02CF852
:1009C000074800F029F8074800F026F8064800F02C
:1009D00023F810BD508201081082010830820108FE
:1009E00020820108608201084082010870B5084C2D
:1009F0000A002368002B01D1064B236025682B6871
:100A0000596804F082FD68682060431E984170BDFB
:100A1000BC3F00201400002070B5051E01D172B645
:100A2000FEE70820FEF78CFB041E01D172B6FEE73C
:100A3000FEF708FB00236360044B25601A685460CE
:100A40001C60FEF70BFB012070BDC04610000020AB
:100A5000F0B5324F85B03B68060001910292002B41
:100A60000FD001231C002D4F3D68002D4FD0002CCE
:100A700041D1029A2A49019804F047FD23003B60C6
:100A800042E0284B3B603C68002CEAD025682B688C
:100A900018000393F6F77EFC2021335C02008B43A1
:100AA00023D10399300004F01FFD00281DD10C2331
:100AB000EB56002BD5DB3200040001211578002D08
:100AC00008D1012801D1013C64B21C1B6242624181
:100AD0001400C8E7202D06D1012802D008000134F7
:100AE00064B20132EAE70020FBE763680393039AEC
:100AF0000A4B1A60C7E72B6832009B68029901987D
:100B000098470400031EBAD0200005B0F0BD029A39
:100B10000549019804F0F9FC2C00F5E7B83F0020E6
:100B20007082010814000020C88201080048704744
:100B300038330020002330B513608B4201D115E01B
:100B400001300478002C11D0202CF9D10478202C0D
:100B50000ED0002C0AD001339942EED1040020259A
:100B600021781368A94305D1002B00D1002030BDA6
:100B70000130EBE7013313600134F1E7F8B50F0002
:100B800096210E4C060049002068FEF7CDFD012895
:100B900012D100230A4D2B703A0031000948FCF7AE
:100BA00073F90028F8D12B78012BFCD100232068A1
:100BB0001A001900FEF748FCF8BDC0466843002043
:100BC0002440002088440020F0B50B2500249FB06D
:100BD00002ABED1801262C70FFF7A8FF0423314A61
:100BE000642101930700304B009605A802F04AF9F2
:100BF00005A8F6F7CFFB81B205A8FFF7BFFF039664
:100C0000039A29002948FCF795F90028F8D103999F
:100C10002800FFF7B3FF0023EB560A2B01D00D2B62
:100C200028D102212248FFF7A9FF224E002C03D130
:100C30002149300004F050FCC82239001201300074
:100C4000FFF706FF04003800F6F7A4FB81B2380076
:100C5000FFF794FF002CEFD13100174804F03CFC63
:100C600021003222300004F052FB38211348FFF7F4
:100C700085FFC5E7082B01D07F2B07D1002CBFD003
:100C80000022013C0B4BE4B21A55B9E7DBB21A0063
:100C9000203A5E2AB4D8312CB2D8064A1355013412
:100CA000E4B2ADE7A6830108608301088844002010
:100CB000C5820108C03F0020F23F0020C583010823
:100CC000034B02689A4202D10122024B1A7070470C
:100CD0000038014024400020014B18687047C0468E
:100CE0005C420020064B411F064A994202D900206F
:100CF00010607047044B1B68584310600120F8E7F0
:100D0000FA0F00005C42002074400020032804D841
:100D1000034B800018184068704701204042FBE7F1
:100D20005C42002010B5032858D84C1F2C4A2D4B8C
:100D300000280DD1944202D900225A6010BD2A4ADF
:100D400052685143294A59609142F5D80120F5E78C
:100D5000012817D1944203D9002098605862EDE72A
:100D6000214A92685143224A5962914201D9002096
:100D7000F4E75A68914202D9891A9960DEE70020A7
:100D80009860DBE7022814D1944202D90020D86091
:100D9000D4E7154AD2685143164A9962914202D962
:100DA00000209862CAE75A6A9142EFD9891AD9603D
:100DB000CCE7944202D900201861BFE70A4A1269C1
:100DC00051430D4AD962914202D90020D862B5E759
:100DD0009A6A9142EFD9891A1961B7E70020ADE705
:100DE000FA0F00005C42002074400020404B4C0091
:100DF00080969800C0E1E400002D3101014BD869D4
:100E00007047C0465C420020014B186A7047C046DC
:100E10005C420020F8B5134B070000209F421FD80A
:100E2000114B124E9969124B18887043F6F7D8FA95
:100E3000104C114B6061310078431D88F6F7D0FAF1
:100E4000431B642058430D4B1988491BF6F752FB8E
:100E50000300226A1E33E3610120934200DD236216
:100E6000F8BDC046FF0F000044400020B80B000052
:100E7000AA75FF1F5C420020A875FF1FCA75FF1FDF
:100E8000014B98697047C0465C420020084A010047
:100E900010B5002091420AD8064B1888064B5843DB
:100EA000F6F79EFA03235843044B9861012010BDC6
:100EB000FF0F00008E40002040420F005C420020E7
:100EC000F8B52149071CF6F765FC040000208442B0
:100ED0001BD1381CF9F7AAF802000B001B4801F0DF
:100EE000ADFF1B49381CF6F741FC1A4E051E0DD00C
:100EF000A300F158184A194899509A582100013412
:100F000001F09CFF052CF3D10120F8BD381C1449D9
:100F1000F6F75AFF2C00071CFA23A50070599B0016
:100F20005843F7F795FA011C381CF6F75DFDF6F704
:100F300065FC0C4B2100E850EA580B48013401F0E5
:100F40007DFF052CE8D1DFE700408345FE830108E3
:100F50000AD7233C4440002060400020248401083C
:100F60000024744974400020408401080023F0B537
:100F70001A481B4C85B09A001159855801334919FC
:100F80001151072BF7D1BE22164D52002B680133A9
:100F90002B602B6893421FD100260193B700E059C4
:100FA0000199F6F71DFA104B0136F850072EF5D1CE
:100FB00000261C22310020002E6004F0A8F90B4B03
:100FC00003A918680396FFF7EBFA039BB34203D01B
:100FD0008022074B52051A6005B0F0BD4042002048
:100FE0002840002088400020444000203842002053
:100FF00004ED00E0014B586A7047C0465C42002097
:10100000014B986A7047C0465C420020014BD86A89
:101010007047C0465C4200200021F0B5344A354D8F
:10102000354885B08B005C59944205D8334801F0AF
:1010300005FF012005B0F0BD5B598342F6D80131B0
:101040000529EFD1F9F77AFF002803D02C4801F0E9
:10105000F5FEEEE72B4B2C4C029326002700083EB2
:101060000C372A4B3168CA18294B9A4206D82948AE
:10107000043601F0E3FE0294BE42F2D1264B08345E
:101080009C42EAD10299254801F0D8FE0024E600EE
:10109000022C20D033000433AF59EB580393029B4A
:1010A0003A00F6180096039B1D4801F0C7FE3A006F
:1010B000039B31000120F9F7C7FF00280FD0210062
:1010C000184801F0BBFEF9F74BFF03000120002B8D
:1010D000B0D01548BBE701232F695B42DEE701343E
:1010E000032CD4D1F9F73CFF0028A3D0F1E7C04688
:1010F000ED0200007440002088130000C68501083E
:10110000F58501080070FF1F0870FF1F11FDFFFF2C
:1011100098100000158601080874FF1F2C8601082E
:101120004F86010876860108A4860108F0B587B0CD
:1011300001AE14220021300004F0E9F80424234D0C
:10114000234B2F68FA18234B9A4213D82A003900F0
:10115000214801F073FE214A1378002B01D1A3002E
:10116000F750002C04D1137805340133DBB213702F
:10117000013CE4B21A4B043D9D42E1D1174A137879
:10118000DBB2002B1CD00023164D990070580133A0
:101190004851052BF9D111781348C9B201F04EFE20
:1011A000124801F04BFE0024A3002100EA58104829
:1011B000013401F043FE052CF6D1002007B0F0BD4C
:1011C0000C48137001F03AFE0120F7E70072FF1F90
:1011D00011FDFFFF981000005C8401088C40002086
:1011E000FC6FFF1F744000207E840108F184010819
:1011F000138501082B850108FA2070B54000FEF721
:1012000073FE1C4C2000F9F785FC051EF9D1FA206D
:101210004000FEF769FE184BFA261A88174B760035
:101220001A80FFF783FF164BE269164920001D6004
:10123000F9F7DEFB31000120FFF784F9002815D013
:10124000114D00242868FFF74DFDE0B20134A300E2
:10125000E958FFF767FD042CF7D16869FFF7DAFD5D
:10126000A869FFF713FE00F0BDF9E3E7074801F0B6
:10127000E5FDDFE7C8430020AA75FF1F8E40002070
:10128000884000204042002044400020C2860108DF
:1012900070B5FFF7BBFE374D374CA84237D9032056
:1012A000FFF734FDA84232D9082322781343237074
:1012B000FFF7A6FEA8422ED90220FFF727FDA8427D
:1012C00029D90423227813432370FFF793FEA84201
:1012D00025D90120FFF71AFDA84220D90223227840
:1012E000134300202370FFF711FD01232278A84249
:1012F00019D91343237008222378204C1A4020D098
:10130000DB435B0712D10423A370012029E00822EC
:1013100023789343CBE7042223789343D4E7022234
:1013200023789343DDE79A432270E4E70023A37018
:10133000012000F0D9FCA378012B19D90123637097
:1013400070BD590705D503210B408B42DCD0A2703C
:10135000EEE702211A000A4008D00120034003D022
:10136000A17000F0C9FCE6E7A370E2E7A270CCE749
:101370000023E4E7A0860100904000208C4200207A
:10138000F7B50024012726000194104DAB789C424C
:1013900008DB0220012E16D100F0A6FC6B461B795B
:1013A0006B71F7BDE5B22800FFF7B0FC084B98421F
:1013B00000D901972800FFF7A9FC064B984200D8F6
:1013C0003E000134E1E700F097FCE7E78C420020A3
:1013D000606440007F841E00082210B502400400B3
:1013E000002A00D0012280210F488900FAF70EF868
:1013F0000422224000D0012280210B484900FAF744
:1014000005F80222224000D0012220210648F9F7E7
:10141000FDFF0122144004D010210348F9F7F6FF24
:1014200010BD2200F8E7C04600040050F0B5594C4A
:1014300085B06578EDB2012D00D0A4E000F04EFC3F
:10144000061E00D09FE0FFF761FC01903000FFF71F
:101450005DFC0600A3789D423FDB2378012B17D16A
:101460003000F6F7F5FF4C49F6F7CEFD4B49F6F79D
:10147000BBFA011CFE208005F6F7C6FD4849F6F7C9
:10148000A3FCFE218905051CF6F770F9002801D0A0
:10149000FE25AD05019BF01AF6F7DAFF4149061C5F
:1014A000281CF6F791FC011C301CF6F77DF900288A
:1014B00029D03D4B019A9A4225D9E378002B22D1BD
:1014C0000133E37000260127A3789E422EDBA0792A
:1014D000C0B2FFF781FF05B0F0BDEFB23800FFF7F3
:1014E00015FC019B984203D23800FFF70FFC0190D6
:1014F0003800FFF70BFCB04203D93800FFF706FCB9
:1015000006000135A6E72949281CF6F75DFC011CF9
:10151000301CF6F72BF9002802D0E378012B03D01A
:10152000234B019A9A42CDD80023CAE7E378DBB275
:101530000293012B19D1F0B2FFF7E8FB019BC01A0F
:10154000F6F786FF19490390281CF6F73DFC011CAD
:101550000398F6F729F9002807D0A279029BB34037
:101560001343DBB2A3710136AEE7F0B2FFF7CEFB57
:10157000104B984202D9A2793B00F0E73A00B24002
:10158000A3799343EEE70020FFF726FF0023E370E3
:10159000A1E7C0468C420020001B374AF80A904958
:1015A0000000C84100606A46C0C62D0000401C46CD
:1015B000BFC62D00C729400010B5FFF71FFC4B2800
:1015C00003DD082000F090FB10BD00F087FB08242D
:1015D0002042F9D0FFF712FC4028F5DC200000F093
:1015E0008BFBF1E770B5FFF777FB184B184C98426F
:1015F0001DD901232370FFF74BFEFFF7DDFFFFF737
:10160000BFFE00F061F8002801D1FFF70FFF23783B
:10161000012B17D16578EDB2012D13D1FFF75CFBDB
:10162000A2780C4B5343984203D2257170BD00231E
:10163000E0E72379012BF9D100F046F80028F5D135
:101640002071F3E700232371F0E7C046A086010074
:101650008C4200201FC83F00014B5878C0B2704731
:101660008C420020034B0020DA78012A01D19879BE
:10167000C0B270478C420020014B1879C0B270474D
:101680008C420020014B9878C0B270478C420020F9
:10169000014B1878C0B270478C420020014B58793A
:1016A000C0B270478C420020802110B50022090191
:1016B0000148F9F7ABFE10BD00040050014B18784B
:1016C0007047C04694420020014B58787047C0468E
:1016D00094420020014BD8687047C04694420020D5
:1016E000014B98687047C04694420020014B9869AE
:1016F0007047C04694420020014B58697047C0466D
:1017000094420020014BD8697047C04694420020A3
:10171000014B186A7047C04694420020F7B501910A
:1017200096211B4D009049002868FDF7FDFF012818
:101730002DD1FA267600FEF7EBFA0700154C019B37
:10174000009AD6212000F9F745FF002807D0FEF7C0
:10175000DFFAC01BB042F1D9102000F0C5FA20001A
:10176000FAF750FD202807D0FEF7D2FAC01BB0428E
:10177000F5D9102000F0B8FA2000FAF747FD042848
:10178000D9D0002328681A001900FDF75DFEF7BDC7
:10179000CC4500201C430020F7B5019196211B4D3C
:1017A000009049002868FDF7BFFF01282DD1FA26D7
:1017B0007600FEF7ADFA0700154C019B009AD62182
:1017C0002000F9F7A3FF002807D0FEF7A1FAC01BFD
:1017D000B042F1D9102000F087FA2000FAF712FD8C
:1017E000202807D0FEF794FAC01BB042F5D910208C
:1017F00000F07AFA2000FAF709FD0428D9D0002376
:1018000028681A001900FDF71FFEF7BDCC4500201F
:101810001C43002007B501AB0A781870022118009C
:101820005A70FFF77BFF07BD07B501AB1870597001
:10183000180003219A70FFF771FF07BD37B56B469B
:1018400015000C00D871073318000121FFF766FF5F
:1018500029002000FFF7A0FF37BD37B56B469C1D60
:10186000012221002E20FFF7E9FF6B46DD1D2F200E
:1018700001222900FFF7E2FF2B781020782B06D1F8
:101880002378402B03D100F037FA01203EBD00F051
:101890002BFA0020FAE70000802110B54901024828
:1018A000F9F7AEFD10BDC0460004005013B501AC01
:1018B000022221002020FFF7C1FF04226378134099
:1018C000024A00D00123537013BDC0469442002049
:1018D00013B501AC012221002520FFF7AFFF322311
:1018E00022785343014A136213BDC046944200203C
:1018F00007B56B46D91D57233A200B70FFF78AFFB7
:1019000007BD000073B56B469C1D602321003B2082
:1019100023704025FFF77EFF23782B4035D16A46A0
:10192000C825D41DD371210001222C20FFF786FF8A
:1019300023786D016B43194A194E9B18210001222F
:101940002D20F360FFF77AFF2378144A6B432100C0
:101950009B18292001223361FFF770FF23782100B3
:101960006B4301222B207361FFF768FF22780D4B38
:101970002100534327200122B361FFF75FFF237843
:101980005D43094BED18B56073BD5020FEF7ACFA0E
:10199000012221003B20FFF751FFBDE70065040055
:1019A000944200208813000000E2040010B50128D2
:1019B00002D1FFF779FE10BD802101220901024802
:1019C000F9F724FDF7E7C0460004005010B52622C1
:1019D0000E210020FFF728FF10BD0000FE2310B5E8
:1019E0005B01984200D91800064BD861002800D04E
:1019F000800982088001C1B2D2B20220FFF714FF31
:101A000010BDC0469442002013B56B46DC1D064B4A
:101A1000984200D918003221F5F7E2FC210020702D
:101A20000F20FFF7F7FE13BD8813000037B56B4694
:101A30000138D91D032803D8F5F7B4FC0F14191E7B
:101A40000024042325000B700D20FFF7E3FE2A007D
:101A500021000420FFF7E8FE37BD0B2350240B7054
:101A60001025F1E71623C0240B702025ECE7212375
:101A700020240B703125E7E72C2390240B7041259F
:101A8000E2E7000070B501F079FCF6F7E1FC2349CC
:101A9000F6F79AF9F5F7B2FE214B0400984200D907
:101AA0001C0001F06BFCA04209D201F067FCF6F7C4
:101AB000CFFC1A49F6F788F9F5F7A0FE0400FFF706
:101AC0009DF93C2825DDFFF799F9F6F771FC1549DA
:101AD000F6F79AFA1449F5F787FF011CFE208005F6
:101AE000F6F792FAFE218905051CF5F753FE00284A
:101AF00011D10021281CF5F739FE002800D000255F
:101B00002000F6F7A5FC291CF6F75EF9F5F776FE3E
:101B10000400200070BDFE25AD05F1E73333733FAF
:101B2000A0860100000070420000704170B501F015
:101B300031FCFFF769FFFFF7ABFD012840D1FFF74C
:101B40008BFD01283CD100F0C9F8002838D101F004
:101B50000FFC012834D1FFF7A1FD041E30D1FFF79F
:101B600091FDFFF763FFFFF78DFF0500FFF7B4F866
:101B700006002800F6F76CFC2A49051C3000F5F732
:101B80002FFCF6F765FC011C281CF5F72DFFF5F777
:101B900035FEFFF723FF2000FFF708FF224BDD682B
:101BA000FFF770FD214B5843854208D9FFF77CFDB4
:101BB000FA208000FEF798F92000FFF7F7FE70BDCD
:101BC000FFF766FD012823D1FFF746FD01281FD14D
:101BD00000F084F800281BD101F0CAFB022817D1BD
:101BE000FFF75CFD041E13D1FFF74CFDFFF71EFF4E
:101BF000FFF772F80B49F5F7F3FBF6F729FC011C28
:101C00000B48F5F7F1FEF5F7F9FDFFF7E7FED3E72F
:101C1000FFF74AFD0020FFF709FF0020FFF7DEFE77
:101C2000CDE7C04640420F00944200207C6E060083
:101C300000701445F8B5FFF737FD00220121254853
:101C4000F9F7E4FBFFF709FE234D8026A027287053
:101C50000024FFF7BBFEFFF74BFE3602FF05FFF740
:101C6000CDF80022282804DCFFF7C8F8222804DC7D
:101C7000012231003800F9F7C9FBFFF70DFE0128FA
:101C800018D0202000F030F800F028F8C30601D565
:101C900000232B700134E4B2FFF708FEFFF732FE99
:101CA000FFF716FE612C0ED8FFF740FFFA20FEF773
:101CB0001BF9D4E700F012F820231842E4D01800F2
:101CC00000F01AF8E0E7642C02D8FFF7EDFCEDE72E
:101CD0000024EBE70004005094420020014B1868F8
:101CE0007047C046B8420020024A1368184310608B
:101CF0007047C046B8420020024A1368834313600D
:101D00007047C046B842002070B5002204215548F3
:101D1000F9F77CFBA02000228021C005F9F776FBB3
:101D2000A02000222021C005F9F770FBFA20A02492
:101D3000C000FEF7D9F80025E405FFF78DFC012867
:101D40003DD0FFF7CBFF061E39D1012D16D0002D57
:101D500004D0022D1ED00135EDB22BE0012204216A
:101D60004048F9F753FB2A0080212000F9F74EFB89
:101D7000012220212000F9F749FBECE72A00042189
:101D80003848F9F743FB2A0080212000F9F73EFB91
:101D90003200EEE7020004213248F9F737FB012256
:101DA00080212000F9F732FB012220212000F9F7E1
:101DB0002DFB3500FA204000FEF796F8BDE7FFF74F
:101DC0008DFF061E2AD0012204212648F9F71EFBAA
:101DD000012280212000F9F719FB01222021200097
:101DE000F9F714FB0026FFF779FFB04204D8FA2078
:101DF000C000FEF779F8DDE7C820FEF775F800228D
:101E000004211848F9F702FBC820FEF76DF80122FB
:101E100004211448F9F7FAFA0136E4E7FFF722FC47
:101E20003200002800D1012220212000F9F7EEFA2B
:101E3000FFF722FC0022012800D0012204210948DA
:101E4000F9F7E4FAFFF718FC002808D1FFF70AFCBD
:101E5000021E04D180212000F9F7D8FAAAE7012256
:101E6000F8E7C0460004005010B50120FCF7BDFFA4
:101E7000FBE7000030B5A1B03822002112A803F022
:101E800046FA1022002101A803F041FA3422002171
:101E900005A803F03CFA80208000FAF703FA8023BB
:101EA0005B001593C03B1793383B1C9380239B0228
:101EB0001D9380239B041E938023002402259B05F1
:101EC00012A81F931295169419951A951B94FAF758
:101ED00013FA0723290001A801930295039404949F
:101EE000FAF77AFC054B05A8059380231B06069498
:101EF00009940D93FAF74CFD21B030BD414000002C
:101F0000F0B50127AFB0F8F79FF9FFF7B3FF142240
:101F1000002120A803F0FBF90221C04EA020736B22
:101F2000BF4C3B437363736BC0053B400393039B00
:101F3000726B0A4372630822736B0B400493049B19
:101F4000736B210013437363736B134005933A0063
:101F5000059BF9F75BFA0022B249B348F9F756FA44
:101F60003A000421B048F9F751FAA0202094002447
:101F700020A9C005219722942394F9F799F9AB4B36
:101F800020A9A9482093219722942394F9F790F946
:101F9000A74B20A9A448209321942294F9F788F90B
:101FA000B36B22003B43B363B36B03213B4002930B
:101FB0000920029BF8F7FEFD0920F8F72BFE22000E
:101FC00003210A20F8F7F6FD0A20F8F723FE220085
:101FD00003210B20F8F7EEFD0B20F8F71BFE210084
:101FE0000C2220A803F093F9924D934BEA192B6031
:101FF00080231B066B6080239B032B6108236B618E
:10200000013BEB61D4776B632A002B002C323C330D
:1020100028001770AC60EC602C766C76AF766C6242
:10202000AC622C63AC631C70EC64F8F749F9834B29
:1020300020A92800209321942294F8F77DFB804B5F
:1020400020A92093042328002193F8F775FB7D4BEA
:1020500020A92093082328002193F8F76DFB7A4BE1
:1020600020A920930C2328002193F8F765FB102367
:1020700020A9280020972193F8F75EFB734B20A935
:102080002093142328002193F8F756FB704B20A9C6
:102090002093182328002193F8F74EFB6D4D6E4BCB
:1020A00028002B606D4BAC606B60EF602C616C6145
:1020B000AC61EC612C62F9F737FA21002800FAF7DD
:1020C000A7F821002800FAF7C9F80C22210020A85F
:1020D00003F01DF9624D634B28002B60624BAC602E
:1020E0006B60EF60AC61FAF771FE20A928002094C4
:1020F0002294FAF787FE2800FAF74CFD8021F26B54
:10210000C9040A43F263F36BFF220B400693069B5C
:102110003C235648564F0168564E91430B4303608B
:1021200020205549554D0B68554C3B400B600B68C2
:1021300033400B600B6883430B600B6800188343CC
:102140000B6080230868984318430860086828409B
:1021500008600868204008604A4908688C463D21AC
:1021600090430143604601604749086807401020DA
:1021700007430F60086806400E6020260868B043D9
:1021800008600868B619B0430860086898430343BC
:10219000C2200B600B6880001D400D600B681C4066
:1021A0003A4B0C601958802491433F3A0A431A5025
:1021B000802252001A6020A8F9F720F8269B6404B8
:1021C0000193234216D0F8F7B9FE002812D1F8F790
:1021D000D3FE00280ED10423269020A82093259416
:1021E000F8F766FFF8F7DCFE002803D1F8F7B8FE31
:1021F000F8F7E4FE01F09CF80120FDF7B4F9244B58
:102200001860002801D172B6FEE70120FDF7ABF996
:10221000204B186000283FD172B6FEE70010024044
:10222000A0800000310B000000040050350B0000BE
:1022300002100000C84300200024014010000010DC
:102240000800000C0400000802000004001000B0A8
:10225000002000B41C4300200054004073216000A3
:10226000D4450020001400409411000014080240DE
:10227000EFBFFFFFFFCFFFFF6C000240FFFCFFFF3F
:10228000FFF3FFFF180802408000024000E100E079
:10229000CC45002068430020374C07A803002200EB
:1022A00062CA62C322CA22C30021FCF781FD334BFC
:1022B00018600CA823000200143362CB62C222CB48
:1022C00022C20021FCF774FD2D4B186011A82300D9
:1022D0000200283362CB62C222CB22C20021FCF76B
:1022E00067FD284B186016A8230002003C3362CB20
:1022F00062C222CB22C20021FCF75AFD224B234DA1
:102300001860234B00262B60E1231B036B600C231A
:102310006B612433AB6280235B01EB638023280075
:102320009B012B64AE60EE602E61AE61EE612E62A9
:102330006E62FBF793FC31002800FBF721FD3100B2
:102340002800FBF73FFD2800FBF7FEFC1BA802005E
:1023500050342ACC2AC20ACC0AC23100FCF728FD2C
:102360000C4B1860FEF722FB01F048FA022800D15E
:10237000FEE7FCF718FDFEE780770108BC4200206D
:10238000D0450020384200203442002088440020FC
:10239000003801403C42002007B56B46D871073336
:1023A00001211800FEF7EAFB07BD0000044B02689C
:1023B00010B59A4203D1F7F75BFF01F04DFA10BD5B
:1023C000002C014070479A4200D2885470477047F1
:1023D000F0B587B00291022103930EAB01901878FB
:1023E000129B009219400C9D0D9C0F9A119E049116
:1023F00016D1002E07D0D90705D5002802D10C210F
:102400000B4200D0013E3021109FA74220D801216D
:1024100030271940002903D0A64201D91F2C1CD90E
:10242000D90642D559051CD4002C1AD010998C42DB
:1024300001D0B44215D1611E002911D0023C102AEE
:1024400011D00C00022A2BD11F2C11D8603225E0AC
:102450001F2CDCD829550134D6E72F550134D9E794
:102460000C00102AEED19A0615D478221F2C15D90B
:10247000009A9B0704D1009BE31A9B189E4223D825
:102480002D19A418013DA24227D1049B002B35D160
:10249000200007B0F0BD58221F2CE9D82A5501347E
:1024A0001F2CE5D830222A5501341F2CE0D82D22CC
:1024B000002802D15A0703D52B222A550134D7E729
:1024C0001A07D5D52022F8E7531C05930299039BE0
:1024D0002020019FB847059ACDE7531C0593287823
:1024E000039B0299019FB847059ACBE7651C220020
:1024F000039B019C02992020A0472C00009BE31A1B
:102500009E42F3D8C4E7F0B597B00B931CAB10CB49
:1025100008901B7809910A920C93219F002C01D1FD
:1025200010239F437B0502D50025AC4221D06123B7
:10253000BA0600D541230026DBB20A3B0D931E9953
:102540002000F4F7D3FF0D9BC9B2CB18751CDBB28A
:10255000092901D83031CBB2202106AA5218200017
:1025600093551E99F4F73CFF041E02D02E00202D37
:10257000E5D1209B069705931F9B019504931E9B15
:102580000A9A03930C9B099902930EAB0093089847
:102590000B9BFFF71DFF17B0F0BDF0B599B00D9381
:1025A00020AB1B781E9C0E93229B1F9D0893239BA0
:1025B0000A90099323000B910C922B4303D1269A86
:1025C00010339A432692269B5B0504D523000026F0
:1025D0002B43B34228D0269A6123920600D541238B
:1025E0000027DBB20A3B0F93089A099B20002900C1
:1025F000F5F7E4F80F9BD2B2D3187E1CDBB2092AA0
:1026000001D83032D3B2202108AA5218D355200065
:102610002900089A099BF5F7D1F80D000400014341
:1026200002D03700202EDFD1269B01960693259BF2
:102630000C9A0593249B0B990493089B0A98039387
:102640000E9B029310AB00930D9BFFF7C1FE19B0D8
:10265000F0BD10B5002801D0FFF79EFE10BD0000B0
:10266000F0B5A9B01D002E9B0E900F910D920C930A
:10267000002901D19B4B0E930027287800280CD10C
:102680000D9B3A009F4200D35A1E0D9B0F990020CC
:102690000E9CA047380029B0F0BD252808D00D9B1E
:1026A0003A000F990E9E7C1CB04701352700E4E7E5
:1026B0000026042202210120082402356B1E0B9300
:1026C0001B782B2B15D00BD8202B14D0232B14D0F8
:1026D0001A00303A092A56D800230A21109317E02D
:1026E0002D2B04D0302BF3D106430135E6E70E4302
:1026F000FBE71643F9E72643F7E710231E43F4E709
:102700000B9B01330B93109B4B43303BD31810931F
:102710000B9B1A781300303B092BF1D90B9B00253A
:102720001B782E2B12D10B9A80235278DB001100DC
:102730001E430B9B30390133092940D80A210B93E2
:102740000B9B1A781300303B092B31D90B9B1B785C
:102750006C2B4BD043D8682B53D06A2B5CD00B9B8F
:102760001878662800D16FE162D8582800D15DE35F
:1027700055D8252802D0462800D165E17C1C0D9B48
:102780003A000F9984E1002210922A2BC6D10C9AAC
:102790000C9B126804331092002A04DA02221643BA
:1027A000109A524210920B9A0C9301320B92B5E799
:1027B0004D430B9B303D01330B935519C0E72A2A3B
:1027C0000BD10C9B1D68EB43DB171D400B9B0233A9
:1027D0000B930C9B04330C93B8E70B93B6E7742B65
:1027E00001D07A2BBBD180235B000FE00B9B5B7881
:1027F0006C2BF8D1C0239B001E430B9B02330B9321
:10280000ADE70B9B5B78682B04D080231E430B9BAA
:102810000133F4E7C023EFE780239B00F6E763284A
:1028200000D189E264285FD06228A7D1022262E049
:10283000702800D1D7E205D8692855D06F289DD1DE
:10284000082258E075284FD0782800D1F0E273288C
:1028500094D10C9B043315930C9B1B680C932B1E7B
:1028600001D101235B420C9A1400D3182278002A6C
:1028700002D09C4200D097E20C9BE41A8023DB003C
:102880003340149302D0AC4200D92C0002231E40E6
:10289000129600D092E223003A1BD6185A1C1192CD
:1028A000109A9A4200D981E234000C9B9B1B185D60
:1028B000002807D0149B002B00D183E26B1E002D53
:1028C00000D07EE2129B2700002B06D0119B109AAD
:1028D0001B1BFB189A4200D97CE20B9D159B01350E
:1028E00057E2C046CF23010810230A229E436928DD
:1028F00003D0642801D00C239E43730501D5012326
:102900009E4380239B00692801D0642865D11E4224
:1029100029D007210C9B109807338B4319000831ED
:102920000C9119685B68049200220592DA0F0292FA
:10293000DA17179216924A401C92179A07905A403B
:102940001D921C9A1D9B16981799121A8B41009282
:102950000193089606950D9B3A000F990E98FFF784
:102960001CFE070018E00C9B1C1DF30517D50C9BE3
:1029700010991B680292DA0F0192DA179B180596DC
:1029800004910395534000933A000D9B0F990E98C4
:10299000FFF7B9FD07000C940B9D01356DE673063A
:1029A00015D50C9B1B68DBB20292DA0F10990192CD
:1029B000DA179B180C9405960491039553400093E5
:1029C0003A000D9B0F990E98FFF79DFDC9E70C9BF0
:1029D0001B683106E8D51BB2E6E7334013D0072168
:1029E0000C9B049207338B431900002208310C9191
:1029F0001099089607910695059202925C681B68EB
:102A000000930194A7E70C990C1DF10508D51099C6
:102A100001930C9B05960491039502921B68B2E703
:102A200073060BD50C9B1B68DBB202920022109937
:102A30000C940596049103950192C0E70C9B1B68CA
:102A40003106F2D59BB2F0E707220C9B0733934384
:102A50001A005C681B6808320C921A0012931394D7
:102A6000100023002100F4F741FE002813D10D9B34
:102A70003A000F996E300E9CA0477A1C0D9B0F995F
:102A800061200E9CA0476E200D9B0F99FC1CBA1C68
:102A90000E9DA8472CE10022129813990023F4F709
:102AA0002BFE002800D17DE0129A139B002000210C
:102AB000F6F7D8FE0123129013911993730573D57D
:102AC00000233022159320AB15991891092D07D9B1
:102AD0001599013D5A54013115912029F4D11891CD
:102AE00012981399F7F7F4F9CC4BEA009B185C683D
:102AF0001B6811901A931B94F7F71EFA02000B0043
:102B000012981399F6F7AEFE1A9A1B9BF6F72AFC59
:102B10001E901F91F4F78AFE1490F7F74FFA020007
:102B20000B001E981F99F6F79DFE0022BC4B1E90CD
:102B30001F91F4F7F5FD002838D0149B01331800DD
:102B40001493F7F73BFA02000B001A981B99F4F75D
:102B5000DDFD002804D0119B013311930023149351
:102B6000B04AB14B12981399F4F7DAFD0024A04251
:102B700000D0BDE0A54256D11198F7F7DDF902006B
:102B80000B0012981399F6F76DFE0022A44B040077
:102B90000D00F4F7C5FD002818D0119B01331193E7
:102BA0000A2578E0199089E7062589E700221E9812
:102BB0001F999B4BF4F7A0FD0028D1D1149B002B4B
:102BC00001D0DB07CCD5149B0133C8E70022944B1E
:102BD00020002900F4F78AFD0028E1D00123119A92
:102BE0001340D318DBE7631C1293149820AB0A211F
:102BF0001C19F4F77BFC3031217014980A21F4F78A
:102C0000EFFB013D149000282BD1129B30211C00BA
:102C1000ED1820AA202C09D0A54224D12E216B1C0E
:102C200018935155BCE7159C202CDCD1032333406D
:102C3000012B38D1109A002A00D1FBE0199A002A02
:102C400002D10C32164202D0109A013A1092302171
:102C500020AA1098A04200D8ECE01F2C20D93A00FE
:102C600033E0129CE0E711550134D3E720AA9446E3
:102C7000189B11985C1C290063441493F4F720FD01
:102C8000149B3031197011982900F4F733FC11901E
:102C90000028CBD01894189B1F2BE7D91C00C5E740
:102CA000A1540134D5E71F2C0CD8199A2D21002AE4
:102CB00005D12B21720702D4320703D5202120AA87
:102CC000115501343A00002B1CD028AB1D191319E3
:102CD0001193013B213D1493149B16A95A1B20AB61
:102CE0009A1827235B18AB4212D1119CB3071ED44C
:102CF0000B9DDAE4531C11930F990D9B20200E9D20
:102D0000A847119AE31B10999B188B42F2D3DCE77A
:102D100028780D9B0F990E9CA047013DDCE7651CB0
:102D200022000D9B0E9C0F992020A0472C00109A8A
:102D3000E31B9342F3D3DBE702231E40341E09D08A
:102D400001233D0011930CE02A000D9B0F992020D8
:102D50000E9DA847A31C1193109B3D190134A3425B
:102D6000F2D80C9B2A00043314930C9B0F9918681B
:102D70000E9CC0B20D9B6F1CA047002E06D0119C6C
:102D8000013C651B109A7B199A4204D80B9D149B39
:102D900001350C9371E43A007C1C0D9B0F992020A7
:102DA0000E9EB0472700EDE701345FE50D9B320032
:102DB0000F9920200E9EB047119B6DE511943E00A7
:102DC00072E51D00671C22000D9B0E9C0F99A04709
:102DD0003C006AE53A007D1C0D9B0F9920200E9E59
:102DE000B0472F0072E50C9B03951C1D2123334334
:102DF000059308230493DB180293002301930C9B93
:102E00003A001B680F9900930E980D9BFFF77BFB10
:102E10000B9D070001350C94FFF72FFC1887010864
:102E20000000E03F0000C0FFFFFFDF4120231E4302
:102E3000102260E51F2C00D837E710E70FB41FB54C
:102E400006AA08CA02A9039200920122034852422C
:102E5000FFF706FC05B008BC04B01847532601086C
:102E60000EB40FB505AA08CA010003920092012210
:102E700003485242FFF7F4FB04B008BC03B0184704
:102E8000C72301080CB41FB506AC08CC0A00009497
:102E9000010004480394FFF7E3FB04B010BC08BC36
:102EA00002B01847C723010807B501200E4B196C63
:102EB0000143196480211A6C490502400092009A6E
:102EC000DA6B06380A43DA63DB6B00220B400193AE
:102ED0000321019BF7F76EFE0220002203214042EE
:102EE000F7F768FE07BDC0460010024030B5050088
:102EF00089B01422002103A802F009FA224B2A68A3
:102F00009A423ED18020214B4003196C0143196441
:102F100001211A6C02400192019A5A6BA0200A43C7
:102F20005A635B6BC0050B400293029B1F2303A9EE
:102F300003931C3B0493F8F7BBF98022144C154B08
:102F400022618132FF3262618022236005231201F7
:102F50006360A261002320222000A360E360E2619D
:102F60002362F7F79BFE002801D0FFF72BFA0C2015
:102F70002C6500220321A562F7F71CFE0C20F7F751
:102F800049FE09B030BDC046002401400010024097
:102F9000144500200800024030B5050089B0142215
:102FA000002103A802F0B3F92E4B2A689A4256D1A9
:102FB00002212D4C2D48626B0A436263636B0B4008
:102FC0000193019BC0230393AE3B049303A90C3BE5
:102FD0000793F8F76DF98021E26B89030A43E263F6
:102FE000E36B234C0B400293029B224B8022236015
:102FF0000B2363600533A3600023E3606361A36177
:10300000E361802320009B0122612362F7F746FEE3
:10301000002801D0FFF7D6F9174BAC63A562174C17
:10302000802223600A2363600023A360E36063615E
:10303000A361E361802320009B0122612362F7F7F3
:103040002DFE002801D0FFF7BDF91720EC63002208
:103050000321A562F7F7AEFD1720F7F7DBFD09B0F6
:1030600030BDC04600540040001002400004005033
:10307000C042002044000240580002407045002039
:1030800007B50B4B02689A4210D12020094AD16B38
:103090000143D163D36B0321034001930E38002217
:1030A000019BF7F787FD1220F7F7B4FD07BDC04677
:1030B0000014004000100240F0B506008DB014224C
:1030C000002107A802F023F9414B32689A427CD1D3
:1030D000802001243F4BC001196C02270143196471
:1030E0001A6C07A902400192019A5A6BA020224350
:1030F0005A635B6BC00523400293029BC023DB0035
:103100000793089709940A970B94F8F7D1F880234E
:10311000A02000251B0107A9C005079308970A975F
:103120000B940995F8F7C4F88023A0205B01C00533
:1031300007A9079308970B9409950A95F8F7B8F82B
:10314000254C264B0E3723603323200063604D331C
:10315000A760E56023616561A561E5612562F7F718
:103160009DFDA84201D0FFF72DF9002303A94B6074
:103170000B724B72200001330397CB60F7F7BCFE54
:10318000002801D0FFF71EF9154B7467A662154C95
:10319000802223603223636000232000A360E36069
:1031A00022616361A361E3612362F7F777FD002881
:1031B00001D0FFF707F91B20B46700220321A662A4
:1031C000F7F7F8FC1B20F7F725FD0DB0F0BDC04662
:1031D00000380140001002406C4300201C000240F7
:1031E000300002402C44002010B5010086B00022BF
:1031F0000D20F7F7DFFC0D20F7F70CFD8020144AB7
:103200000001116C01431164136C69460340019382
:1032100002A8019BF9F7A2FBF9F78CFB0D4C0E4BB2
:103220000E4923600E4BE360F4F7DAF8002301380F
:10323000606020002361A360F9F7C8FD030001204E
:10324000002B02D12000F9F7A5FC06B010BDC04646
:103250000010024014460020002C014040420F00A4
:10326000E70300007047000010B50248FFF7E6FDD5
:10327000FBE7C0466887010810B5FBF7AFF910BD42
:1032800010B50248F7F7E4FD10BDC0461445002014
:1032900010B50348F7F7DCFD0248F7F7D9FD10BD7C
:1032A0006C4300202C44002010B50348F7F7D0FDF4
:1032B0000248F7F7CDFD10BDC04200207045002048
:1032C00010B50248F7F78AF910BDC046C843002080
:1032D00010B50248F9F776FC10BDC0461446002030
:1032E0007047000010B50448F9F76CFC034A1368F6
:1032F0000133136010BDC046D44500209440002027
:10330000064810B503689A69E023DB001A4202D030
:10331000F8F738FF10BDF8F797FAFBE71C430020D9
:1033200010B50248F9F7E0FE10BDC0468844002001
:1033300070B586B0FBF730FA00F018FA002800D01C
:10334000FEE700F0B5FB011E00D0FEE701A8040077
:10335000054B64CB64C424CB24C4FBF729FD034B89
:10336000186006B070BDC046E4770108A84600208A
:10337000014B1878C0B27047A1400020034B1A7867
:103380000C235A43024B9B1898687047A2400020B8
:1033900054460020034B1A780C235A43024B9B18C7
:1033A00058687047A24000205446002010B5FEF730
:1033B00097F9074B1A780C235343064A9A5864230B
:1033C0005343054A9B1883428041404210BDC0468A
:1033D000A240002054460020C0F2FCFFFA20F0B5C5
:1033E000400089B0FCF780FD814F8248F969FFF702
:1033F00025FD6B4601AA0121002001F007FB0024F6
:10340000FB69A3420AD8002B46D10222FA247A4B48
:1034100064001A702000FCF767FDFBE7A5007D192A
:103420002A6821007548FFF709FD2B68744D980F35
:10343000F3F7B8FF02302C3032211A03920D4A43C1
:10344000263961436A500A229B059B0D53436E182F
:10345000736073686858FA2158438900F3F7C0FF16
:10346000684BB060B1681A68914204D9B2681A60BA
:10347000654AE3B213700C236343E958ED186A6898
:103480006248AB68FFF7DAFC0134B9E76048FFF740
:10349000D5FCF0E75F48FAE7FEF7DEF85E4E01285C
:1034A0006AD13478E4B2002C64D0FEF7F1F8012838
:1034B0006CD1FEF7D1F8012868D14F4D2C78E4B2D9
:1034C000002C63D13378012B60D1FEF7D5F80128A9
:1034D0005CD10C22FA21514E890033785343484A7B
:1034E0009858F3F77DFF01004D48FFF7A7FC0C2229
:1034F0003178337801315343414AC9B29A58200098
:1035000092B201F01FF90600C8204000FCF7ECFC65
:10351000002E39D1FFF74AFF040001282FD041487F
:10352000FFF78CFC2E70FA204000FCF7DDFCB3E7BF
:103530000135FB69AB4217D9FEF7A4F805230C222D
:10354000023858436A43384B00194000C05A2C4B8C
:10355000D1588842ECD1D1583448FFF76FFC2F4B3B
:10356000EDB21D70012333703378002B9DD10134EF
:10357000052C9AD00025DCE70023337095E72C4812
:10358000FFF75CFC2C70CEE72A48F9E7FEF780F8DD
:10359000002827D1FEF7A4F8274B98421AD92748CC
:1035A000FFF74CFC00200C221C4B187019781B787C
:1035B00001315343124AC9B29A5892B201F0C2F88B
:1035C00004006420FCF790FC1948002C00D0194836
:1035D000FFF734FCFA200022074B80001A70FCF73A
:1035E00083FCA0E7FEF738F80028D3D09BE7C0465D
:1035F000B440002084870108A1400020A987010869
:10360000544600209C400020A04000200388010870
:10361000C8870108E687010898400020A2400020E2
:1036200049880108628801081C0000202F880108D1
:103630008A8801089B860108C02709009488010830
:1036400010B5044B800000220349C058FBF7DCFB97
:1036500010BDC046B0400020FFFF000010B5034B76
:10366000002203491868FBF7CFFB10BDA4400020DF
:10367000FFFF000030B5C4B285B0C5B2A400280079
:10368000EFF71AFB034B0200E1586846FBF7E2FB39
:10369000F5E7C046B04000201FB5ECF777FD034BBF
:1036A000020019686846FBF7D5FBF6E7A440002046
:1036B00070B5850004003F200E000F4993016A5C3D
:1036C00002401A436A5420000121ECF772FE3100D7
:1036D000200000F03BFA094EAB59002B09D10848F5
:1036E000002C00D007482100FBF762FB002801D026
:1036F000705170BDFEE7C046B0460020A8400020D3
:103700000489010818890108F8B50500481E0E0053
:10371000032807D8F3F746FE090709020421280009
:10372000FFF7C6FFF8BD0221F9E700212800ECF7FA
:1037300040FE0C4FAC00E059002803D0FBF750FBD3
:103740000023E3513100280000F000FA3F21064B2E
:103750001A5D0A401A551B195A7838398A435A702B
:10376000E0E7C046A8400020B0460020F7B51E485C
:10377000ECF7DAFD0600012802D002273800FEBD72
:10378000ECF7D9FD194C1A4F63783979019303236B
:103790000800227818409A43130003430420490785
:1037A000C90F3140890083430B432F2108250B406B
:1037B00023701F23019A0F49AA431A406270230005
:1037C0003A000020ECF7A0FC0028D6D139000A4BC3
:1037D0002200ECF749FD071ECFD1637831001D436D
:1037E0006570ECF7CBFCC9E700002530B04600203F
:1037F0003C000020AC880108B488010830B587B0CF
:1038000001A802000E4B32CB32C212CB12C20021F1
:10381000FBF7CEFA0B4C030060600220002B0DD0AA
:1038200000210948FBF7E9FA084B00211860084815
:10383000FBF7E3FA074B18600020206007B030BDAB
:10384000F8770108A8400020F4880108A44000206F
:10385000FC880108B0400020074B10B55B781B07BF
:1038600008D5002000F056F90020ECF76FFD00208D
:10387000F2F7B0FF10BDC046B0460020F0B58DB0E5
:1038800003930E0004AB0121170005AA050001F007
:10389000BDF894235B0019000598694344017E4AF2
:1038A0000498E40F8A586406002804D07A48411826
:1038B000C9698E421CD380235B051C4350239205AB
:1038C0006B43120B1443754A0A219E583000F3F7DC
:1038D00087FD80238005800DDB0404431C43942373
:1038E0005B005D436C4B5D19AE646C650DB0F0BD63
:1038F0000722711C11400A0714438022520414430A
:103900004A226A439619644AB600B2580291129943
:10391000900F08603968BE680091032838D85E4966
:103920000191F3F73FFD026A42A20A279205920D28
:103930005743B74200D937006B43019A0A21D31885
:103940009F643800F3F74CFDFA21554B8005800D3C
:1039500082021C401443A40AA40204430098514B61
:10396000890078431C40F3F73BFD50236B434B4ADF
:10397000D118096988420BD20A219858F3F730FD13
:10398000A40A8005800DA40204438023DB041C43A9
:1039900094235B006B43404DED18029B6C652B64D8
:1039A000039B1C60009B6B64A0E750226A433B4969
:1039B0005758BE4200D93E006B43019A0A21D318E2
:1039C0009E643000F3F70CFDFA21354B8005800D25
:1039D00082021C401443A40AA402044300988900F4
:1039E0007043F3F7FDFC50226A432C4B9B181B6974
:1039F0009842CDD20A213800C0E750226A43274BB3
:103A00009B185A693B69934200D91300FA20800041
:103A100058430099F3F7E4FC50236B431F4A9E5828
:103A2000864200D9060094235B006B43019A1E492D
:103A3000D3189E64009B5E433000F3F7D1FCFA215B
:103A4000174B8005800D82021C401443A40AA40277
:103A5000044389003000F3F7C3FC50226A430F4B44
:103A60009B181B69984293D28FE76B43019A3221CE
:103A7000D3189E643000F3F7B3FC7F2318409C43B7
:103A8000044314210098F3F7ABFC084B4005000BEE
:103A90001C4004437CE7C046B4400020480000209E
:103AA000FF03F0FFFFFFFFF390D00300FF01F0FFE3
:103AB00070B588B000F092FE002802D0022008B055
:103AC00070BD00F06FFF0028F8D101F071FB011EFE
:103AD000F4D101A803000B4C24CC24C3FBF78DF9CF
:103AE0000949086003A8030064CC64C324CC24C340
:103AF000FBF75EF90028E1D000F09EFE0028DDD142
:103B0000DDE7C0460C780108B446002010B5FBF78D
:103B10006CF910BD942149000A0042430A4B10B5CC
:103B20009A186A321488640403D01488013CA4B241
:103B3000148048431818943003885B0403D003882A
:103B4000013B9BB2038010BDB4400020F7B5830059
:103B50000400214F0193022901D004291BD1200028
:103B600001F038FBA300FB5C5B070BD56E20FBF775
:103B70003CF9200000F030FF002803D00120FBF7C3
:103B800034F9FBE794235B006343144CE4180123EE
:103B900064342370F7BD94256D002E0046430F4B0F
:103BA0002A009E190021300001F0B1FB200001F035
:103BB00011FB002368363370A300FB5C5B0705D55F
:103BC000200000F00BFF002800D0FEE76C43034B01
:103BD0001C1964340023DCE7B0460020B440002008
:103BE00070B504000D00160001F0F4FA94225200A2
:103BF00062430F4B9B1819000022943198330A80BE
:103C00001A60012E02D9042E09D070BD2000012DAA
:103C100002D100F0E3FEF8E700F0F0FEF5E7200047
:103C200000F0DAFE012DF0D11E20FBF7DEF8ECE704
:103C3000B440002010B500F013FE10BD0A207047FC
:103C400010B51F2906D81E293ED201292DD01029D2
:103C50001FD010BD2029FCD11F4B8200D35C9B07D5
:103C60009B0F022BF5D12733FF3343431B48C0186A
:103C7000040068342378012BEBD10022184B6A3002
:103C80000380184B11001868FBF7BEF8002323705F
:103C9000DFE7154B195C0029DBD10F4B8200D35CA9
:103CA0001B07D6D5EFF724F8D3E70B4B8200D35C84
:103CB0005B07CED494235B0043430848C018436D90
:103CC0005B005B0F0364C4E7034B8200D35C5B07BC
:103CD000BFD401F07FFABCE7B0460020B44000201A
:103CE0002C81FFFFB446002020470020F0B50600DD
:103CF00085B014001D00112900D9A8E00800F3F7D1
:103D000051FB0909A610A6A6A6A6232A1AA6A6351F
:103D1000A667A685300000F079FE2B689B002B601B
:103D200022E094210422490071434A4E1A60443132
:103D30008919200037E0002301A90193013B0B8082
:103D40008B7004222A60F4E75021182271431A6014
:103D50008918414EECE706232B6000231370537043
:103D60009370D3701371537105B0F0BD942252005B
:103D70007243384B384F9B181A0090321278012A40
:103D800003D891331B78072B10D9122350212B60B5
:103D90007143303179180422200001F0AFFA0E226D
:103DA0002E49201D1C3101F0A9FADDE75021002A1F
:103DB0000BD14E43300034303818F3F7EBFA3100B2
:103DC000021D30312A607918B3E712232B60DFE738
:103DD000942200235200724301931E4B01A99B18A9
:103DE00092331B78072B0CD8502777431A4EF619BD
:103DF0002E3632789A4204D9194B4B800A234B70E5
:103E00009FE701235B424B800233F8E75022724365
:103E1000114B9B182E331B78002B00D17FE709270D
:103E20000E492F6001AD3A002B31280001F066FAEF
:103E30009421072349007143064E76189336327851
:103E4000290093429B415B422B723A0071E70023A9
:103E500065E7C046B4400020480000200C78010807
:103E6000CDABFFFFF7B50500881E14001F000E281C
:103E70002DD8F3F797FA082C1D354E4E695C638CEC
:103E80006F2C7C2C8400042B21D1942676006E4369
:103E90003000424D40301A002818210001F02EFA5F
:103EA00030002278AB191A65503028183A003AE0F1
:103EB0001C2B0CD8942676006E430025374F9B08A8
:103EC000BA19D3619B000193019B9D4200D1F7BDBC
:103ED000A81961193818042201F010FA0435F3E723
:103EE0001C2BF4D8942676006E4300252B4F9B089C
:103EF000BA19D3639B000193019B9D42E7D0300028
:103F00002030401961193818042201F0F7F90435FE
:103F1000F2E7042BDBD1942676006E4330000422B6
:103F20001E4D5C302818210001F0E8F9CFE79426F7
:103F300076006E4330006C30184DB6E7942676005C
:103F40006E4330007430F7E7942676006E433000FD
:103F50007830F1E7942676007543104E1278761982
:103F6000330090331A70637891363370AFE794263C
:103F700076007543094E137876199236F5E7942644
:103F800076007543054E137876199336EDE794263F
:103F900076006E4330009C30CEE7C046B44000202F
:103FA00094235B004343F0B5384E85B0F318DC6DC5
:103FB000374A63005B0F00938300D31804220191FA
:103FC0009978050091439970210209D50C20684326
:103FD00030490918097AC90702D599780A439A70B5
:103FE00094235B006B43F618002303AF33643A005D
:103FF0000099280000F066FD002801D00C2042E066
:1040000002AB07331B789B091DD0032BF6D132205E
:104010006106490E48433A78B0645206520E8A420D
:10402000ECD3142264212403640D54437A784A4368
:10403000A242E3D802AA06321288D205120E4A43DF
:10404000A2420ED2DAE70A20A1052403A40D6043A0
:104050003A88890D9205920DB064A242CED38A426D
:10406000CCD3942232210A2052006A43074DAD1866
:10407000039A1203920D4A436A642A6C2A65009AD5
:104080002A64019A136005B0F0BDC046B440002018
:10409000B04600203C0000200300901F70B50C00CB
:1040A000052816D8F3F77EF9031615151A1E0129EF
:1040B0000FD17F25104C9A00A41862781800D609F9
:1040C0002A40627000F08AFC6378F6012B4033438B
:1040D000637070BD1800ECF7A9F8FAE71800ECF768
:1040E000ADF8F6E7180000F077FC012CF1D11E20A6
:1040F000FAF77BFEEDE7C046B0460020502343436D
:104100000448C018483003790C20DB0700D502387A
:104110007047C0464800002010B500F045FC4342FF
:104120005841C0B210BD10B5EEF799FF10BD07B5EC
:10413000019101AA0621EFF7B7F80EBD10B50022D4
:104140001121EEF79FFF10BD0122F0B5036887B083
:104150000193524203A80199FAF77CFE0F230498B9
:104160003B4C184024D1230080256A331A882D0245
:10417000AA4202D11880FFF7E1FF230094331A8886
:10418000AA4215D1334A1A800022334B1100186815
:10419000FAF73AFE0020FAF751FD230005B24C333E
:1041A0001D80E1231B019D4212DD0020FFF7BBFFB4
:1041B00023006A331A885204520C00D1013A943415
:1041C00023885B045B0CC5D09A42C3D91A00C1E7AF
:1041D0002600224B9B3604279D420CDD3078384068
:1041E000E6D18021C904FFF7A2FF33781F432300E3
:1041F0009833DF70DCE73378194A0093BB4327001C
:104200009837FB70236C9B0098583F22030E934312
:10421000C02B17D14006400EF4F71AF91149F3F7F5
:10422000D3FDF3F7EBFA80B285420BDD1025009841
:104230002840BDD180214905FFF779FF33781D4320
:10424000FD70B5E7230000229833DA70B0E7C0466E
:10425000B44000206480FFFFB4460020480D0000F9
:10426000BC46002000004842F0B593B0059206938A
:104270000D000AAB0BAA012100F0C8FB0A9B0393B7
:1042800000230293039B002B21D0A80FF3F78AF899
:1042900002A15AE02F03BF0D3800FA21AD05AD0D84
:1042A00068434900F3F726F90026012332009C46B3
:1042B00001960296039B93420CD8019B002B06D0DB
:1042C000069B019A1A6032235E43059B1E6002988A
:1042D00013B0F0BD93000BA9CC58A30F012B24D031
:1042E000002B04D0022B13D0013292B2E2E721035B
:1042F000A405A40D890D23008F42F5D17B435B10EB
:1043000001999942F0D2019363463E000293EBE794
:104310002103A305A400890D9B0DA40DBC42E3D38A
:104320008F42E1D39D42DFD3E8E72103A305A40038
:10433000890D9B0DA40DBC42D6D38F42D4D38342AA
:10434000D2D8DDE7AF002B03AD05AD0D2800FA2173
:10435000BF0D9B0D7843490000260493F3F7CAF87C
:10436000FA2332009C4601960296039B9342A4D9FD
:1043700093000BA9CC58A30F012B1AD0022B15D1F7
:104380002103A305A400890D9B0DA40DBC420DD3F0
:10439000049C8C420AD39D4208D37B435B10019955
:1043A000994203D2019301233E000293013292B25B
:1043B000DBE72103A305A400890D9B0DA40DBC42DE
:1043C000F4D3049C8C42F1D38342EFD861464B4333
:1043D000E5E70026FA2332009C46A9002803AD0534
:1043E000890D800DAD0D01960296039B934200D876
:1043F00063E793000BACE458A30F012B19D0022BF9
:1044000014D12703A305A400BF0D9B0DA40D8C425E
:104410000CD3B8420AD34B439D4207D35B10019C97
:104420009C4203D2019301230E000293013292B207
:10443000DBE72703A305A400BF0D9B0DA40D8C4251
:10444000F4D3B842F2D39D42F0D364466343E6E727
:104450000026EB011B0E6D0607936B0E0893019669
:1044600004960296039B049A934200D825E7049B86
:104470000BAA9B009C58A30F032B3DD1059B200446
:10448000000E1F68F3F7E4FF2E49F3F79DFCF3F7E6
:10449000B5F980B2B8422FD8E001000EF3F7D8FF8B
:1044A0002849F3F791FCF3F7A9F985B2AF4223D875
:1044B000089B6406640EA3421ED3069B1B680993E7
:1044C000002B1ED02000F3F7C3FF1F49F3F77CFC3D
:1044D000F3F794F9FA2180B289007843F2F780FF6C
:1044E000322104003800F2F77BFF019BA34203D284
:1044F0000123060001940293049B01339BB20493B1
:10450000B0E70798F3F7A4FF0E49F3F75DFCF3F764
:1045100075F980B2854200D90500059B20001D6019
:10452000F3F796FF0849F3F74FFCF3F767F9FA2121
:1045300080B289006843F2F753FF3221040028005B
:10454000D1E7C0460000C84200004842F0B59427B9
:1045500000260400FF257F004743744B97B0DF1906
:10456000FB69059106920F960996079303960496A8
:10457000079BB34200D092E0FF2D14D05027FA20C1
:1045800067436B4E8000BB5909990B93039BF61947
:104590005843F2F725FF73690C9007930D93039B23
:1045A0000E93049B0A93002308932933FF3363433C
:1045B0005E4FFE18F269AA4200D992E0DB590B2740
:1045C00003930FAA09AB0121200000F01FFA70220B
:1045D0000F9B079306ABFF183B7893431A001023F9
:1045E00013433B70039B08999A05524B120B0B40E7
:1045F000134308931E1C1D0E502363434C4A0A218B
:104600009B58EDB218000493F2F7EAFEFC23012256
:104610001B0280051E40800D08AB06431E80079BD1
:1046200004219B0E1340934094460D4392189543EA
:104630001D433D70404DA3005A5D9207920F6245A5
:104640001BD90C200A267F2760433C4AEB1812181E
:10465000127A06A836183078D207D20FD201384025
:104660001043307060469A788A439A70039A120E0B
:10467000104202D09A7811439970942300225B0073
:1046800063432A4C0699E418049BA364089B636562
:104690000A60059A13602A4B636417B0F0BDB3003B
:1046A000F958002309AA0F9320000FABFFF7DCFD98
:1046B000012814D10F99039B994210D34F306043C6
:1046C0001B4B099A1B18D868904208D898688242F8
:1046D00005D85B69994202D83500039104920136EE
:1046E00046E7069BE9B200930AAA08AB2000FFF751
:1046F000C5F84A233F2263435D19AD00EB5903938C
:104700001B0E934307D1039B0F3A1B0C134202D19C
:1047100001236836337094235B006343034CE41831
:10472000636D0393039A059B1A60B6E7B4400020BB
:1047300048000020FF03F0FFB04600203C000020AE
:10474000881300000023F0B5502617004A1EFA21F6
:104750008FB007934A33434346431E4C02929B1843
:104760001D4A05009B0030599B58890078430393EC
:104770000597F2F735FE06AB069005AA03992800C7
:10478000FFF772FD03000220012B21D1059B9F4200
:104790001ED1FA20069B8000584339000997F2F792
:1047A0001FFE3359A4190A9363690B900C93236974
:1047B00009AA03930D936B46197A08AB009328005E
:1047C00007ABFFF75BF8089A07992800EEF7C6FDDC
:1047D0000FB0F0BD48000020B440002030B589B0D3
:1047E00001AC2200104B23CB23C223CB23C20F4D9D
:1047F0001B68002113602800402200F088FD002380
:104800000B495858EA181060E058043310621C2B0A
:10481000F7D12B00052200203C331A70054B5B7842
:104820002B7709B030BDC04640780108BC46002057
:1048300098000020B400002030B587B001A8020025
:10484000064B1C3332CB32C212CB12C20021FAF714
:10485000AFFA43425841400007B030BD40780108EC
:10486000F0B5060085B0022400282ED1474A4849F9
:10487000136C087F013B834227D2002825D0A34038
:104880005F58444BD56D1F60434B1D60BB0FA34267
:104890001ED032D8002B18D132223B039B0D5A4335
:1048A00002920A22AB052903890D9B0D5343300068
:1048B0004A43029900F080F90400601E8441374B9E
:1048C00064001D6039D000221A60200005B0F0BDE0
:1048D00032200A213B039B0D4343BA00920D029301
:1048E00042432B03A805800D9B0D4B4341433000F1
:1048F0000091029900F062F9DEE714232903490DC3
:104900009C464B430293322370246A06520E534353
:1049100022480393C2782B0E5A403300224206D11C
:10492000624603681B035B0D5B1A5A431300039A2C
:104930000299002000F044F9BEE73F233D0E9D435D
:104940001427C02D05D0029B64219800F2F748FD82
:1049500007000136F6B20120C02D00D00520FFF778
:10496000D5F8002000F02EF9029BC01AC317C0181A
:104970005840874205D9162E05D00122084B1A70DF
:10498000A3E7162EE5D110249FE7C046B4400020CF
:10499000BC460020FC460020B8460020DC41002038
:1049A000E04100200020704710B500280ED10029FA
:1049B00007D1080000F006F9054B984206D8002000
:1049C00010BD00F0FFF8034B9842F8D80220F7E73B
:1049D000931100009411000002207047002806D1B6
:1049E0007F21044A53780B405370034B1870022008
:1049F0007047C046B0460020E04100200300002080
:104A000010B5834201D1FAF71DF910BDF0B585B09C
:104A10000092019300281BD1002904D0012919D04C
:104A2000040007000EE0244C2368277F0393234BE8
:104A30001B789B079B0F012B04D102AAD11DD279B1
:104A40009A430A7000252E00B74217D1019B1D60C2
:104A500005B0F0BD184B1A4C1A001B6A3C3217788F
:104A60000393164B1B789B079B0F012BEAD1302138
:104A700002AB9A1D9B798B431370E3E70F4B1B78B6
:104A80009B079B0F012B08D0002E0FD1042200980A
:104A900003A900F033FC013505E03F2223681B0E1B
:104AA0009343C02BF0D104340136CDE7009BA8001E
:104AB000181804222100ECE7BC460020B046002074
:104AC000DC46002030B5102500290CD0074C8301AE
:104AD000E3181B7F994206D80025000101394018D0
:104AE000800003591360280030BDC046BC4600203A
:104AF00010B5002000F05EF80020EBF7A7FBFBF7F5
:104B0000FFF872B6FEE70000D0B5FA24A40000203A
:104B100000F064F81E4B1F4A1B881340934211D1CA
:104B20001D4B1B78012B0DD11C4BDB789B09022BF5
:104B300002D023D8002B05D1194B1C880A23A405C9
:104B4000A40D5C43002800DA4042F5F7F5F90600B1
:104B500020000F00F5F732FA124A134BF4F702FC6B
:104B60000022124BF3F7BAFC02000B0030003900B0
:104B7000F2F7D6FD002807D0FFF7BAFF084B1C78E4
:104B800032236406640EDCE70120FAF72EF9BEE753
:104B9000B046002004100000E0410020FC46002048
:104BA000B84600209A9999999999F13F0000594087
:104BB0000120704701207047012070470120704795
:104BC0000120704710B5FCF78BFDFA239B0058437A
:104BD0000149F2F705FC10BDA086010010B5FCF7F5
:104BE00085FDFA239B0058430149F2F7F9FB10BDFC
:104BF000A0860100F7B500220C250127504C830048
:104C00001A5145434F4A00919E5C4F4AB6075219CC
:104C10009588B60F1D53957AE3183D40012E59D95A
:104C20000421AE00DD7808328D433543DD7096787F
:104C30007B31B607F60FEDB20D40F6012E43DE7064
:104C40009578F6B2AD083D403F37BE43AD013543E0
:104C50000726DD709578DF78ED0835404739ED009F
:104C60008F433D43DD7052885D8892093240B240E7
:104C7000364E35402A435A8018220C2681008C4635
:104C800046434243324B61582F4DD1507159AD19B3
:104C9000EE889A1856812E002D890127158115005E
:104CA000516061460836103501962E79BE43FF19D2
:104CB000BE432E71234E8E5D31072DD401998C7821
:104CC000A406640F052C31D12C792743214C2F7178
:104CD00014612BE00421AE00DD7808328D433543AA
:104CE000DD709678EDB2B607F60F7B310D40F60118
:104CF0002E43DE709578F6B2AD083D403F37BE4397
:104D0000AD013543DD703825382692781540DA78C4
:104D1000B2432A43DA70AFE7B607B60F012E05D9C2
:104D200064446488A405640F042CCDD01822504339
:104D3000009A1B1813CB13C213CB13C20F20FEBD56
:104D40001C470020B0460020B80000207FFCFFFF79
:104D5000004700200800001110B50C244443084B04
:104D60001B199C7A0E23E40707D5064BC000C45CD0
:104D70000430C0180F2314700860180010BDC0461E
:104D8000B80000204447002070B50C2545430B4C6B
:104D90006419A47A0E25E407E60F002C08D0084C0D
:104DA000A14207D11E70074B800018181060013512
:104DB000280070BD002119701160F9E7B8000020CB
:104DC00001FF00008889010830B5084C0E23255CDE
:104DD000002D06D1064DA94203D1012A03D10F238C
:104DE0002254180030BD022AF9D0FAE720470020EB
:104DF00001FF000070B50B4D0E232C5C002C0ED073
:104E0000094EB1420BD1012A05D1012C07D1002353
:104E10002B540F3303E0022A01D1022CF7D01800E3
:104E200070BDC0462047002001FF0000F0B51A4CBD
:104E30008000045D2407E40FE5B2012D11D1102993
:104E400004D01139484248410E30F0BD03271349C0
:104E5000465CBE43354345544158196014700F20D9
:104E6000F3E71029EDD11178012901D00E20ECE7EC
:104E700003211C682140032901D00229F6D0032513
:104E800006490C5CAC43250002242C430C54095801
:104E9000196001231370E2E7B0460020C40000202F
:104EA00030B50B4B8000C35C1B07DB0FDCB2012C61
:104EB00002D114600B7030BD0325064BC45CAC43BB
:104EC000250002242C43C454C35813600123F1E786
:104ED000B0460020C400002070B5184C85002C5D41
:104EE0002407E40FE6B2012E13D1102902D01129B4
:104EF00003D070BD1E601470FBE79421490041434C
:104F00000F484018FC30417C4907F2D50D49196023
:104F1000F1E7102905D01129EBD10021196011709A
:104F2000E7E703240849685CA0430400022020430B
:104F300068546958196001231370DAE7B0460020FD
:104F4000B440002005040000C400002010B5104C3F
:104F50008200145D24070AD5102907D11B689B071E
:104F600004D00C4B11220021EEF71EF810BD1029C1
:104F7000FCD103201968084B014206D0995C81439B
:104F80000800022101439954F0E7995C8143FAE754
:104F9000B046002001FF0000C400002010B50B4BFC
:104FA0008400E35C1B0709D5012906D1130604D54B
:104FB000074B11220021EDF7F7FF10BD0129FCD1AD
:104FC00003231A40022AF8D1F2E7C046B046002077
:104FD00001FF000010B5012A11D194214143029C28
:104FE00009196731064C490061188988994206D130
:104FF000044B00211A54044B0F32EDF7D5FF10BDBE
:10500000B44000202047002001FF0000F7B50191C7
:10501000012A02D0022A2CD0F7BD94256D00454309
:105020001D4A1E685419FC34E660B4000094170051
:10503000002400998C4212D1942464004443121934
:1050400014009D8BFE34E5840124FC321269224257
:10505000E2D09A8B01992300EDF7F4FEDCE71E19EC
:105060007668B446614666190D36FF36B951043488
:10507000DFE70A494400635A01339AB29423434359
:105080009B1862526833044A5B00D3189A88002147
:10509000EDF7A4FEC0E7C046B4400020184700204A
:1050A000F7B505001E00012A2BD19420400068436B
:1050B000254C2318FF335B79012B05D1D030001923
:1050C0003732002100F023F9942252001100300001
:1050D0006943337E61185B00F3180193D031019B63
:1050E00098420FD1737E002B1BD16A43A218D03295
:1050F00010680C21F2F7FAF9002912D12800EDF717
:105100003BFEF7BD0F687B1C0B60038802309C469A
:1051100094236B43DB19674668335B00E3189F8079
:10512000DDE794235B006B43E41823000122002198
:10513000FF335A71054B6A00D434D15228002288BB
:10514000EDF74CFEDDE7C046B440002018470020D4
:10515000F8B505001F00012A0CD1942464004443D3
:10516000114E2000012906D1A03030181732190045
:1051700000F0C4F8F8BDB83019003018182200F05B
:10518000BDF83B7D9B0703D500212800EDF7F4FD1A
:105190002000D03038223018002100F0B8F800226A
:1051A000024B6D00EA52E5E7B440002022470020A0
:1051B0000121064BC20010B5D1509B18FF2252426C
:1051C0009A800349EDF788FD002010BD4447002078
:1051D000448901080023034A41008B52024A1354B8
:1051E0007047C04622470020204700200D488546D2
:1051F000002103E00C4B5B58435004310B480C4B2F
:1052000042189A42F6D30B4A02E00023136004329C
:10521000094B9A42F9D3F5F70FF800F041F8FCF783
:105220006FFEFEE700900020388C0108000000208F
:10523000980200209802002050470020FEE700005E
:105240000A4B10B519680200002901D108491960FC
:105250006946186882188A4206D900F01BF80C23A8
:1052600003600120404210BD1A60FCE7E4410020C9
:105270005047002010B5002200F005F810BD10B511
:1052800000F03CF810BD130010B50A00190000F042
:105290003EF810BD014B18687047C046C80000209A
:1052A00070B500260C4D0D4C641BA410A64209D10C
:1052B000002602F03BFA0A4D0A4C641BA410A642D9
:1052C00005D170BDB300EB5898470136EEE7B30047
:1052D000EB5898470136F2E7308C0108308C010812
:1052E000308C0108348C010810B5034B010018689C
:1052F00000F060F810BDC046C8000020002310B5C3
:105300009A4200D110BDCC5CC4540133F8E70300CD
:105310008218934200D1704719700133F9E70000F9
:1053200070B50500002910D00C1F2368002B00DA8F
:10533000E418280001F0ADFA1D4A1368002B05D1CE
:1053400063601460280001F0A5FA70BDA34209D97A
:10535000216860188342F3D118685B6841182160A6
:10536000EEE713005A68002A01D0A242F9D9196861
:105370005818A0420BD120680918581819608242A9
:10538000E0D110685268411819605A60DAE7A0420B
:1053900002D90C232B60D5E721686018824203D123
:1053A000106852684118216062605C60CAE7C046BC
:1053B000E8410020032370B5CD1C9D43083506004D
:1053C0000C2D1ED20C25A9421DD8300001F061FA27
:1053D000254A14682100002919D1244C2368002B88
:1053E00003D1300000F044F820602900300000F0C4
:1053F0003FF8431C2CD10C233000336001F04AFAF3
:1054000003E0002DDFDA0C233360002070BD0B6851
:105410005B1B1AD40B2B03D90B60CC18256003E05F
:105420008C420ED163681360300001F033FA200023
:1054300007220B30231D9043C31AE7D05A42E25093
:10544000E4E74B6863600C00EEE70C004968C2E7D4
:105450000323C41C9C43A042E0D0211A300000F07A
:1054600007F8431CDAD1C6E7E8410020EC410020F0
:10547000002370B5064C050008002360FFF7E0FE2E
:10548000431C03D12368002B00D02B6070BDC046A5
:105490004C4700200EB410B59DB002A902900861DF
:1054A0000B48822488604861012040421FABC881BC
:1054B000084804CBA400006801938C8101F04EFEE3
:1054C0000023029A13701DB010BC08BC03B018472B
:1054D000FFFFFF7FC8000020031C0A7801311A700B
:1054E0000133002AF9D17047002330B59A420AD01F
:1054F000013AC45CCD5CAC4204D19A4202D0013383
:10550000002CF6D1631B180030BD70B50400002AD2
:1055100000D170BD0D78561E631C25700131002D21
:1055200005D1A4189C42F4D01D700133FAE71C0089
:105530003200ECE770B516000D0001F079FC002E8A
:105540000DD06B236A00520D9B1A002B07DD00243F
:10555000034A1B059D182B002200F3F703FF70BDC3
:105560000000F03FF0B5A5B0079300230490079822
:10557000209306911A9201F078F905000068F1F77E
:1055800009FF00260027069B05901F931F9B1A7892
:105590000D2A39D8092A3DD2002A44D0002312937B
:1055A00000221F9C0C922378302B00D07EE0637881
:1055B000582B02D0782B00D06EE0079BB74A02939D
:1055C000129B1FA9019320AB0093049821AB00F01C
:1055D00068FE07250590054005D0062D2FD1002334
:1055E00001341F9412931A9B002B02D01A9B1F9A0E
:1055F0001A60129B002B1DD0802332001B06FB1863
:105600001000190025B0F0BD2B2A05D02D2A14D08A
:10561000202AC3D10133B8E7002212925A1C1F92EC
:105620005B78002BBCD1069B1F93002312931A9B1F
:10563000002BDBD132003B00E2E70122EDE7209AAC
:10564000002A07D0352122A801F0DFFC2099049818
:1056500001F059F9681E042806D8F1F7A3FE0C03DF
:1056600017190C00229E239F059B1B07BBD5802387
:105670001B061F43B7E7239B894A8A491A40219B8F
:10568000229E5B181B051A431700EDE7864FEBE7D8
:105690000126864F7642E7E71F9B5A1C1F925B78D4
:1056A000302BF9D0002B9ED001230C931F9B0A2294
:1056B000139300230B930A9308931F9804782300F5
:1056C000303BD9B2092926D9059A2968FFF70CFF82
:1056D000002832D0002023008446089A07900592C3
:1056E0002022190091430A000021452A00D0A8E099
:1056F000059B0C9A034313438B4294D01F9B069344
:1057000001331F93069B5B782B2B72D00C002D2B43
:1057100075D101246EE00899082909DC0A995143E2
:105720005B180A93089B0130013308931F90C4E76C
:105730000B9951435B180B93F4E71F9A059B944612
:10574000089A63441F931B78002A49D11000302B1C
:1057500028D01A00313A082A46D8844600201F9AD9
:1057600005901392303B421C002B0FD00A21944429
:10577000059A101882421BD1511C0591082A25DC7C
:105780000A220A994A439B1800220A9310001F9B81
:10579000591C1F915B781A00303A092AE2D901227C
:1057A00007929DE71F9B01305A1C1F925B78CEE742
:1057B0000132541E082C03DC0A9C4C430A94D9E79E
:1057C000102AD7DC0B9C4C430B94D3E7059900229D
:1057D0001029DBDC0A210B9841435B180B93D5E7BA
:1057E000089A84460592D6E7002294460592013233
:1057F000D6E70C00069B02331F93069B9B781A008A
:10580000303A092A61D8302B42D01A00313A0021AF
:10581000082A16D8303B1F9D0E931F9B591C1F91C1
:105820005B781A00303A092A48D94A1B204D2900D2
:10583000082A03DC0E99A94200DD2900002C00D0C3
:105840004942059A002A63D10C9A104300D0CAE657
:10585000079A002A00D0E6E64E2B3FD039DC492BD0
:1058600000D0E0E613491FA800F054FF002800D143
:10587000D9E61F9B1049013B1FA81F9300F04AFF68
:10588000002802D11F9B01331F93074F0026AAE671
:105890001F9B5A1C1F925B78B5E7C0469889010888
:1058A000FFFFEFFF330400000000F07FFFFFFF7FEA
:1058B0001F4E00008C8901088F8901080A220E9969
:1058C0004A43D218303A0E92A7E7069A00211F9257
:1058D000B7E7692BC6D06E2B00D0A4E68B491FA872
:1058E00000F018FF002800D19DE61F9B1B78282B95
:1058F0000CD122AA86491FA800F020FF052805D157
:10590000239B844A229E1A4317006CE6824FBDE710
:105910006346CB1A0793089B002B01D1059B089384
:10592000059C102C00DD10240A98F4F747FB0600B4
:105930000F00092C15DD2200784B093AD2009B1884
:105940001A685B68F3F70EFD06000B980F00F4F77A
:1059500035FB02000B0030003900F2F7BFFD0600F6
:105960000F00059B0F2B39DC079B002B00D13AE67B
:1059700026DD162B0BDC6949DB00C91832000868EC
:1059800049683B00F3F7EEFC06000F002BE62523E9
:10599000059A9B1A079A9A4220DC0F24059B5F4DBB
:1059A000E41AE10069183200086849683B00F3F71F
:1059B000D9FC079B1C1BE4002C1922686368E1E7F3
:1059C000079B16330ADB079B3000DA00534B390084
:1059D0009B1A1A685B68F3F791F8D5E7059B1C1BC7
:1059E000079BE418002C6EDD0F2323400AD04B499F
:1059F000DB00C9183200086849683B00F3F7B2FCC5
:105A000006000F000F239C4348D02633FF339C42EF
:105A100021DD002405940A94079422230026049A89
:105A20003C4F13600A9BB34200D1DCE520990498F7
:105A300000F069FF0799049800F065FF0599049844
:105A400000F061FF0A99049800F05DFF21000498BE
:105A500000F059FFC7E50023300039001D00241174
:105A6000012C1EDC002B01D006000F002C4BED009A
:105A7000FF182C4B32005D19286869683B00F3F76A
:105A800071FC244B0F000B40274906008B42C0D805
:105A900026498B4213D90126254F764200230693CF
:105AA00074E00122144207D01E4AEB009B181A68CA
:105AB0005B68F3F757FC012301356410D0E7D4236A
:105AC0009B04FF18EAE7002CE8D00F236442234030
:105AD0000AD0124ADB00D31830001A685B6839001C
:105AE000F3F70CF806000F002411D7D01F2C21DD8E
:105AF000002405940A9407942223049A0026136034
:105B00000A9B0027002B91D16DE5C0465B7F010801
:105B1000AC8901080000F07F0000F8FF208A01082E
:105B20000000B0FCF88901080000A07C0000907C17
:105B3000FFFFEF7F10232340069301D06A230693D3
:105B4000300039000023CA4D002C00DD03E1002B9A
:105B500001D006000F00069B002B0FD06B237900AD
:105B6000490D3A005B1A002B08DD1F2B00DC04E115
:105B70000026342B00DCF9E0DC27BF0400220023E0
:105B800030003900F1F7B2FD0028B1D10A9B089A24
:105B900000931399059B049800F00AFF0A900028CF
:105BA00000D136E7079B0024DA175B421A40079BB7
:105BB0001592DB43079ADB171A40139205940A9B50
:105BC0000498596800F067FE0790002800D124E788
:105BD0000A9B0A991B690C319A1C92000C3008939D
:105BE000FFF78CFB22AB019321AB009332003B000B
:105BF00004980E960F9701F08DF92090002800D19F
:105C00000BE70121049800F05BFF0590002800D10C
:105C100003E7219B002B00DAB4E0159AD518139AFC
:105C200094460699229A5B1A36219B188A1A914942
:105C3000013B01208B4200DBB0E0C91A521A1F2938
:105C400000DDA4E08840002314900C93AB18089367
:105C50001300069A6344D318089A0B932B009542BD
:105C600000DD13000B9A934200DD1300002B06DDCC
:105C7000089AED1AD21A08920B9AD21A0B92159B17
:105C8000002B17D01A000599049800F0B1FF059079
:105C9000002800D1C1E60100209A049800F019FF05
:105CA0001B90002800D1B8E62099049800F02BFE44
:105CB0001B9B2093089B002B73DC139B002B79D13B
:105CC0000B9B002B08DD1A000799049800F0E2FFF7
:105CD0000790002800D1A0E6002D08DD2A000599D4
:105CE000049800F0D7FF0590002800D195E6079AA8
:105CF0002099049801F038F8041E00D18DE60025A3
:105D0000C3680599C5600B9301F015F8A8425BDAEA
:105D10000B9BAB421BD1AE4219D13B03AB4216D118
:105D2000D622554BD2043B40934210D96369AB4213
:105D300002D12369012B0ADD21000122049800F021
:105D4000A9FF0599040000F0F6FF00286CDC069B13
:105D5000002B78D16AE60122144204D02A686B68CD
:105D6000F3F700FB012364100835EDE60121203B29
:105D7000494299400A40170000E7012252429A40E6
:105D80001640FBE6139A159DD21A944649E73B4903
:105D9000CB1A010099400C91149057E700230C9303
:105DA000FAE7089A2099049800F074FF20900028E0
:105DB00083D132E6139A0799049800F019FF0790EF
:105DC000002800D07CE728E6002800D095E00B9A58
:105DD0003B03002A24D02A493A001B0B8B425ED198
:105DE000069B0138B4460100002B0AD0D425224B73
:105DF000ED043B40AB4204D86C311B0DCB1A0100C3
:105E0000994061454BD11F4B9A4202D14B1C00D1A6
:105E100003E6194B00261A4080235B03D71896E748
:105E2000002B3CD1002E3AD1069A134B002A2DD0DC
:105E30001A00D6213A40C9048A4227DCDC239B049D
:105E40009A4200DC58E6104B300011930023109367
:105E50003900109A119BF3F785FA06000F1E00D047
:105E6000E4E5002800D0E1E52223049A1360DDE593
:105E7000C089010802FCFFFF0000F07FE2FBFFFF8A
:105E8000FFFF0F00FFFFEF7F000050390126A94AF6
:105E90003B409B18A84A76421A43170057E70C9BD1
:105EA000002B13D03B4200D151E70B9B069A3000E8
:105EB0003900002B0FD0FFF73DFB02000B000E98BE
:105EC0000F99F2F70BFB06000F0040E7149B3342DB
:105ED00000D13CE7E9E7FFF72DFB02000B000E982D
:105EE0000F99F3F7BFFC0022002306000F00F1F723
:105EF000FDFB002800D0FFE529E70599200001F00F
:105F00005DF880230022DB0508900991F1F7FEFB84
:105F1000002875D00B9B002B43D00022874B0C929E
:105F20000D93864B0893864B3B401493149A854BF4
:105F30009A4200D0B1E00E9A0F9B10921193824BBF
:105F40003000FF18390000F073FF02000B000C98BE
:105F50000D99F3F707FA32003B00F2F7BFFA784ADF
:105F60007A4B06000A409A4262D9794B119A9A42BA
:105F700003D1109B013300D14FE50126744F7642C7
:105F80002099049800F0BFFC0799049800F0BBFC2E
:105F90000599049800F0B7FC2100049800F0B3FCC8
:105FA0000DE6002E1DD13B0320D10898099900224F
:105FB000624BF1F7A1FB00281ED108980999002235
:105FC000644BF3F7CFF9050008918022120694463E
:105FD000089B1C9563441D931C9A1D9B0C920D936A
:105FE000A1E7012E02D1002F00D185E500225A4BF6
:105FF00000250C920D9394E7564B0B9D0893E4E714
:10600000544B089809990022F3F7ACF90B9B050053
:106010000891002B07D180231B06CB1816901793ED
:10602000169A179BDAE70200089B16921793F7E778
:10603000D4239B04CF18069B002BA1D1404B149A6C
:106040000C973B409A429BD108992800F3F740FFF8
:10605000F3F772FF0B00020008992800F3F702FC27
:106060000B9B08900991002B04D1002E02D10C9BB0
:106070001B0358D008980999384A394BF1F73CFB73
:10608000002800D0D2E408980999364A314BF1F73C
:1060900047FB002800D173E7C8E4069B002B2AD0F9
:1060A000D423149ADB049A4225D82F4A2F4B280078
:1060B0000899F1F72BFB002816D028000899F1F772
:1060C000B5FB002800D10130F3F778FF0B9B0500EA
:1060D0000891002B22D180231B06CB18189019930E
:1060E000189A199B0C920D93D6220D9BD2049B18E3
:1060F000149A9B1A0D930E980F990C9E0D9F00F009
:1061000097FE02000B0030003900F3F72BF90E9ACE
:106110000F9BF2F7E3F906000F008CE70200089BE3
:1061200018921993DCE70D4A114B08980999F1F779
:10613000E3FAAEE70000F0FFFFFF0F000000F03FC2
:106140000000F07F0000E07F0000B0FCFFFF9F7CBC
:10615000FFFFEF7F0000E03F0000F0BF9535A09407
:10616000FFFFDF3F35E5AF350000C0FFFFFFDF4138
:10617000FFFFCF3FF7B5234F040038680A00036ADA
:10618000002B00D1204B2100FFF7ECF905000C009B
:1061900002000B0028002100F3F77AFE002805D04A
:1061A000002001F067FA01900198FEBD210028004F
:1061B000F3F78EFF0190019B14495E007608301CB6
:1061C000F2F7BEF80028EFD11049301CF1F7D8FAE9
:1061D0000028E9D101226400640852420C4B2800D7
:1061E0002100F3F755FE002808D10122084B524246
:1061F00028002100F1F78AFA0028D5D022223B6836
:106200001A60D1E7C80000202C010020FFFF7F7F2B
:10621000FFFFEF7FF0B50600056914364B1134001F
:10622000AB421ADA1F22AD009B007519F31811401A
:1062300007D11A0033001C0095420ED902CA02C3CE
:10624000F9E704CB2027CA40B4467F1A64469D4232
:1062500009D82260002A00D00434A31B9B100361DC
:1062600000D14361F0BD1C68BC402243644604C4B5
:1062700004CBA446CA40E9E70300303B092B03D80E
:106280002038C3B2180070470300613B052B01D8CA
:106290004738F6E70200413A0023052AF2D82738AA
:1062A000EFE7F0B58DB005901498099102920A932A
:1062B00000F0DBFA036818000793F1F76BF802228D
:1062C000079B52421B18013B1B7804900B93099BC0
:1062D00019688B1C521AD118019308910199013346
:1062E00008783028F7D0FFF7C7FF071E00D06BE013
:1062F000049A07990198FFF7F7F8002800D06BE09F
:10630000019B049A9C182078FFF7B6FF002867D0FD
:106310000194019B1878302852D0FFF7ADFF43421B
:1063200043410393012326000893019C2078FFF743
:10633000A3FF00284CD1049A07992000FFF7D4F856
:10634000002809D1002E09D1049BE41826002078EA
:10635000FFF792FF00283DD1371E01D0371BBF0049
:106360002378502B01D0702B47D163782B2B3DD055
:106370002D2B37D00023661C06933078FFF77CFF67
:10638000431EDBB2182B38D81038050001363078A0
:10639000FFF772FF431EDBB2182B29D9069B002B97
:1063A00000D06D427F19099B1E60039B002B26D0F5
:1063B0000026089BB34200D1063630000DB0F0BD78
:1063C000019B01330193A4E7002303931E00ACE774
:1063D0000134ABE70134BAE7019C01230393BFE723
:1063E0000700FAE701230693A61CC6E70023FAE795
:1063F0000A235D432D18103DC8E72600D3E7019B13
:106400000399E31A013B072B47DC059800F043FA98
:106410000300143303930893002305001E00069322
:10642000019BA3423CD3089C039B40C4E41AA410E4
:106430002C61300000F0FBFA029B64011B68261AF5
:1064400001939E425FDDF61A3100280000F0F3FD53
:10645000041E0FD001241F212000731E1940884004
:1064600001005A110398920012580A4202D0A34226
:1064700041DC022431002800FFF7CCFEBF19029B4B
:106480009B6804939F424EDD2900059800F03BFA7B
:106490000023129AA32613608FE701315B10B2E745
:1064A000631E09930B9A1B78934215D0069B202BF1
:1064B00005D1089B1E600026043308930696099BAD
:1064C0001878FFF7D9FE0F231840069B099C9840C7
:1064D000043306430693A3E70123049A9C1A099BFD
:1064E0001C19019BA342E1D807992000FEF7FCFF8D
:1064F000002895D0DAE7B11E280000F09CFD0028A6
:10650000B7D00324B6E7019B00249E42B7DA9E1B56
:1065100029003200059800F0BDFB0300143305008C
:10652000BF1B0393ABE7029B5E68B7426BDA019B2C
:10653000F61BB34232DC029BDB68022B26D0032B16
:1065400028D0012B19D1019BB34216D1012B0DDCB0
:10655000029B62265B680193019A0A9B1A600123E1
:10656000039A2B611360129B1D6026E70199280096
:10657000013900F060FD0028EAD12900059800F0FB
:10658000C2F90023129A5026136016E7139B002BC2
:10659000DED0F2E7139B002BDAD1EEE7771E002C5A
:1065A0002FD1002F04D03900280000F044FD040052
:1065B0001F237A111F401E3BBB4003999200525883
:1065C0001A4201D002231C43019B31009B1B02266F
:1065D00028000193FFF71EFE029B5F68002C41D04C
:1065E000029BDB68022B10D0032B12D0012B06D1AB
:1065F000A20704D5039A126814431C420CD110233D
:106600002FE00124D4E70126E8E70123139A9B1A1F
:106610001393139B002BF2D02C69A30004932B003F
:10662000A20014339918002294461A68501C1ED0F8
:1066300001321A602B001433022E3BD1029A0199C9
:106640001268013A91420BD14A111F210198920020
:106650000140012004008C40D358234200D0012681
:1066600020231E43129B1D600A9B1F60A5E6624605
:1066700004C39942D9D8AB689C4212DB6B68059879
:10668000591C00F008F929002B6903909A1C92000C
:106690000C310C30FEF732FE2900059800F033F97A
:1066A000039D2B695A1C2A61012204339B00EB18BD
:1066B0005A60BFE72A6994420ADA01212800FFF7ED
:1066C000A9FD029B01379B689F4200DDDCE6C6E71F
:1066D0001F24019A01262240141EC1D0049A9B183F
:1066E000043B186800F0A3F920210C1BA042E4DB56
:1066F000B6E7082370B520259A1A9200AD1A4368B0
:1067000006681C00AC40D340344310C0036088428C
:10671000F5D370BD30B503680C780133002C02D17D
:106720000360012030BD1A781500413D192D00D8B5
:1067300020320131A242EFD00020F3E7F0B58BB058
:1067400001920A68019953119B00CB1803931F23F0
:106750001A400890069202D0039B04330393039BD4
:1067600000251E1F37003400089B35601B68079505
:1067700004930295049B01330993049B5B78059372
:10678000002B28D00598FFF777FD002845D1059B01
:10679000202B19D8029B079A934212DDBC4206D2E5
:1067A000072D04DC2A0039002000FFF7A2FF019B1F
:1067B00008259C4205D9271F00253C00029B3D600F
:1067C0000793099B0493D5E7059B292B4AD1049B8A
:1067D000089A02331360029B002B43D0BC4206D2BE
:1067E000072D04DC2A0039002000FFF782FF019BFF
:1067F0009C4226D904CC1A600433A642FAD2002265
:1068000004C39E42FCD23368002B04D1019B9E42FC
:1068100026D101233360052025E0029B0135013399
:106820000293082D06DD019B9C42CAD90023012555
:10683000043C23600F22236810401B011843206092
:10684000BFE7069B002BDED02021069A039B891A06
:1068500001225242CA40043B19680A401A60D2E73A
:10686000043ED0E704200BB0F0BDF030704782B09A
:10687000002900D101A9101E06D0002B06D01378E4
:106880000B601078431E984102B0704702204042CE
:10689000FAE77047704770B5466A04000D00002E95
:1068A00007D11020FEF720FD60624660866006601A
:1068B000C660666AF368002B13D0636AAA00DB68BF
:1068C0009B181868002818D101210E00AE40721DD7
:1068D0009200200000F0D1FB00280CD045608660BB
:1068E0000DE021220421200000F0C7FB636AF06064
:1068F000DB68002BE1D1002070BD02681A60002324
:106900000361C360F8E770B5446A06000D00002C0F
:1069100007D11020FEF7E8FC7062446084600460D8
:10692000C460002D07D0736A6A68DB6892009B1808
:106930001A682A601D6070BDF7B51E0014239C46BE
:1069400007000C0000200D698C44634619881B6801
:1069500051431B0C534389190E0C9B1989B21E0C11
:106960001B045B186146013008C18C468542ECDC93
:10697000002E1BD0A3689D4212DB63683800591CAF
:10698000FFF789FF2100236901909A1C92000C31C6
:106990000C30FEF7B3FC21003800FFF7B4FF019C78
:1069A0002B1D9B00E31801355E6025612000FEBDB4
:1069B000F7B5060018000C000830092101931500F6
:1069C000F0F798FD01230021834220DB3000FFF720
:1069D00062FF089B436101230361092D1ADD230037
:1069E00009331F00009364193B780100303B0A22F1
:1069F00030000137FFF7A0FFA742F5D12C00009B24
:106A0000083C1C192F00019B9F4206DBFEBD5B006A
:106A10000131D9E70A340925F4E7631BDB5D010086
:106A2000303B0A223000FFF787FF0137EBE7030016
:106A3000020C0020824201D11B0410301A0E01D139
:106A400008301B021A0F01D104301B019A0F01D12B
:106A500002309B00002B03DB01305B0000D42020C0
:106A600070470722036810B501001A400DD00124B9
:106A70000020234205D10230034203D0E34020002E
:106A80000B6010BD9B080B60FBE79CB21000002C54
:106A900001D110201B0CDAB2002A01D108301B0AE8
:106AA0001A0701D104301B099A0701D102309B0853
:106AB000DA07E8D45B0801D00130E4E72020E0E702
:106AC00010B50C000121FFF7E6FE012344610361CC
:106AD00010BDF0B50B691500126989B00C00934226
:106AE00001DA2C000D0027692E69A268BB196168C4
:106AF0000193934200DD0131FFF7CDFE0300143313
:106B00000093009ABB1994469B009C4413000022FA
:106B1000049063451CD32A001434BF00E3191432D7
:106B2000B6000593931902940693069B9A4211D3DB
:106B3000019B002B06DD04235B429C4463461B68DB
:106B4000002B51D0049B019A18001A6109B0F0BDC6
:106B500004C3DEE71488002C1ED00026009D029F8F
:106B600001CF079508CD039383B2634319006B46A9
:106B7000000C9B896043CB1803999B19090C4118A1
:106B8000180C09180E0C9BB209040B4307990B60F3
:106B9000059BBB42E4D82E6013681B0C03931ED0E8
:106BA0000026009B029C1B68009807002188039D1B
:106BB0009BB2694320C82D0C49198E1931040B432F
:106BC0003B6008CC03991B0C4B437968360C89B2A7
:106BD0005B1805999B191E0CA142E6D80360009B27
:106BE000043204330093A0E7019B013B01939FE72C
:106BF0000323F7B5134005000E001400002B08D046
:106C00002249013B9A00525800233100FFF794FEBD
:106C10000600A310019336D06C6A002C07D1102017
:106C2000FEF762FB6862446084600460C4606F6A5F
:106C3000BC68002C07D116492800FFF741FF00234C
:106C40000400B86003600122019B13420AD03100A6
:106C500022002800FFF73DFF070031002800FFF762
:106C600052FE3E00019B5B1001930CD0206800286F
:106C700007D1220021002800FFF72BFF002320600E
:106C800003600400DFE73000FEBDC046E88A01086B
:106C900071020000F0B50D0017002B69541185B08A
:106CA000E3180293013301934968AB680390019A9A
:106CB000934234DB0398FFF7EEFD00230200060049
:106CC00019001432A3422DDBE343DB171C402B00D9
:106CD0001F21A40014192A69143392009A180F4036
:106CE00024D00131C91B8C4600211868B8400143EB
:106CF0006046216002CB0434C1409A42F5D821603D
:106D0000002902D0029B02330193019B0398013BAF
:106D100033612900FFF7F7FD300005B0F0BD013108
:106D20005B00C4E7980011500133CBE702CB02C4EB
:106D30009A42FBD8E9E70A69036930B59B1A0ED17C
:106D400092001430143184188918043C04392268E4
:106D50000D68AA4205D0AA429241012313431800AC
:106D600030BDA042F1D3FAE7F0B50D0085B00700C1
:106D7000110028001400FFF7DEFF061E08D10100F5
:106D80003800FFF788FD01234661036105B0F0BDBF
:106D900001230193002804DB23002C001D000023A5
:106DA000019361683800FFF776FD2F000022019BF8
:106DB0002669C3601434B300E31802932B691437B7
:106DC0009B00FB18039303009446143320CC04CF9C
:106DD0000192AAB294446A46614692882D0C8A1A9E
:106DE0000199090C691A151449190D1492B2090474
:106DF0000A431A60039AAC460433BA42E6D80299B1
:106E00001A008C4205D3043A1368002B0ED0066199
:106E1000BCE704CC91B261440D14120C5219151444
:106E200089B212040A43AC4604C3E8E7013EEAE72C
:106E30000B00104910B519400F4BC918002904DD8B
:106E400000220B001000190010BD49420915002254
:106E50000023132904DC8020000308410300F1E72C
:106E6000143901201E2902DC1F24611A8840020007
:106E7000E8E7C0460000F07F0000C0FCF7B5060060
:106E8000036914369B00F3181D1F2C680F002000A7
:106E90000193FFF7CCFD20231B1A3B601C490A28F5
:106EA00016DC0B2327001B1ADF4039439C460B00DE
:106EB0000021AE4202D20199083909681530844098
:106EC0006046C1400C4322001000190003B0F0BD21
:106ED0000027AE4202D2019D083D2F680B38844640
:106EE000031E12D09C40202021433C00C01AC44005
:106EF00021430B000021B54201D9043D29686446B5
:106F0000C140A7400F433A00DEE721430B00FAE7F8
:106F10000000F03FF7B51D000121089F1400FFF7A6
:106F2000BAFC2B036D0006001B0B6D0D24D10193E1
:106F3000002C27D068460094FFF793FD009C0028A2
:106F40001ED0019B20211A00091A8A40C340224307
:106F500072610193019CB461631E9C4101343461F0
:106F6000002D18D0124BED1835232D183D60181A3E
:106F7000099B18603000FEBD802252031343D6E700
:106F80007461E7E701A8FFF76CFD0124019B346100
:106F900073612030E4E7074BC018074B3860E318F3
:106FA0009B00F3185869FFF742FD6401201ADFE7E0
:106FB000CDFBFFFFCEFBFFFFFFFFFF3FF0B585B02E
:106FC0000F0002A90600FFF759FF04000D0038006A
:106FD00003A900940195FFF751FF36693F6902004C
:106FE000F71B7E01B446039F029E0B00F61B66440E
:106FF0003705002E07DD7919019100980199F1F705
:107000007DFD05B0F0BDCB1BF7E71300013910B5CE
:1070100049111269013189001433920041189A18FC
:107020009A4203D80023814203D810BD10CB10C070
:10703000F6E708C0F7E70200006910B514324B11FB
:10704000984212DB0BDD1F20014008D098008458C5
:107050002000C8408840010001208C4204D19B00E0
:10706000D318934203D8002010BD0300F7E7043B78
:1070700019680029F5D00120F6E74A4370B51100E0
:107080001400FEF797F9051E03D022000021FEF739
:107090003EF9280070BD0000F0B58E6885B007008D
:1070A0000C00039201939E4239D890238A89DB0019
:1070B0001A4234D00325096923685B1A0293636975
:1070C00002985D43EB0F5D19019B6D1001331B1896
:1070D000AB4200D91D00530532D529003800FEF718
:1070E00069F9061E09D10C233B6040230120A289C7
:1070F00040421343A38105B0F0BD029A2169FEF717
:10710000FDF8A389144A1A4080231343A381029BEC
:107110002661F61826606561019EED1AA560019B47
:10712000B34200D21E0032000399206800F0BDFA7D
:10713000A36800209B1BA36023689E192660DAE7E2
:107140002A00380000F0C3FA061EE0D12169380099
:10715000FEF7E6F8C7E7C0467FFBFFFFF0B59FB03C
:10716000029005938B890F0016001B0611D50B6941
:10717000002B0ED14021FEF71DF938603861002840
:1071800005D10C23029A013813601FB0F0BD4023D3
:107190007B61002306AD6B6120336B761033AB76D9
:1071A00034002378002B47D1A31B04930DD0A31BDD
:1071B000320039000298FFF76FFF431C00D1B5E0A1
:1071C0006A69049B944663446B612378002B00D169
:1071D000ACE00122002352426A6002A954325218E4
:1071E00001342B60EB60AB601370AB65584E052229
:1071F0002178300000F04EFA621C002820D1296866
:10720000CB0604D5532302AE20309B1918700B0710
:1072100004D553232B2002AE9B19187023782A2BF8
:1072200016D000200A21099B2278303A092A55D924
:10723000002815D0099313E0252BB5D00134B0E711
:107240000123801B8340296814000B432B60CDE78A
:10725000059B181D1B680590002B39DB0993140052
:1072600023782E2B0BD16378621C2A2B3ED1059BF1
:1072700002341A1D1B680592002B34DB0793354E30
:1072800021780322300000F005FA002806D04023C0
:10729000801B83402A68013413432B602178062227
:1072A0002D48661C297600F0F5F9002846D02B4BB6
:1072B000002B2FD12968059B0722C90528D59B18CB
:1072C0009343083305936B69039A9B186B6167E7D7
:1072D0005B42EB6002230B432B60C0E74B4301345E
:1072E0009B180120A0E701235B42C7E7002314009D
:1072F0000A201A006B6021783039092903D9002B44
:10730000BDD00792BBE74243013452180123F2E794
:107310000733D5E705AB00933A00114B29000298DB
:1073200000E000BF0390039B0133CCD1BB890B98D5
:107330005B0600D429E70120404226E705AB009315
:107340003A00074B2900029800F07AF8EAE7C046B5
:10735000F48A0108FA8A0108FE8A01080000000088
:1073600099700108F7B5150001938A680B690090C0
:107370000C00934200DA130022002B604332127893
:10738000002A01D001332B6023689B0602D52B68AD
:1073900002332B60062723681F4027D02300433386
:1073A0001B785A1E93412268920630D4220001991C
:1073B00043320098089EB047431C25D0062320681E
:1073C0002A68E16803400025042B03D18D1AEB43A2
:1073D000DB171D40A3682269934201DD9B1AED185B
:1073E0000027BD4220D1002010E00137E3682A6861
:1073F0009B1A9F42D2DA2200012319320199009888
:10740000089EB047431CF0D101204042FEBD302011
:10741000E1184331087021005A1C45310978A2183F
:10742000433202331170C1E7220001231A3201995D
:107430000098089EB047431CE6D00137D1E7000012
:10744000F0B58BB006920A00433207930590049280
:107450000A7E0C00109B6E2A00D18FE017D8632A99
:107460002CD008D8002A00D199E0582A54D0260000
:107470004236327029E0642A01D0692AF7D12168A6
:107480001A68080623D5111D1960156825E0732AAE
:1074900000D188E008D86F2A29D0702AE7D12022AD
:1074A00009680A43226003E0752A20D0782ADED1D9
:1074B00022007821453211706C4A30E00E001A68C3
:1074C0004236111D196013683370012379E04906B3
:1074D000D9D5111D19600023D55E002D03DA2D23A7
:1074E000049A6D421370624B0A2703932FE02068C1
:1074F0001968050603D5081D18600D6805E04006EB
:10750000F9D50D68081D1860ADB2594B08270393D3
:107510006F2A18D00A2716E045310A70544A0392A0
:107520001A682168101D18601568080622D5CB0757
:1075300002D52023194321601027002D03D12023D9
:1075400022689A4322602300002243331A70636842
:10755000A360002B5CDB0422216891432160002D95
:1075600058D1049E002B64D02600039B42361B7822
:1075700033705EE04806DAD5ADB2D8E709681A681C
:10758000080605D5111D1960136862691A6006E0C6
:107590004906F7D5111D19601368A28A1A800023C5
:1075A000049E236154E01A68111D196016680021B9
:1075B0006268300000F06EF8002801D0801B606027
:1075C000636823610023049A137041E02369320049
:1075D00006990598079DA847431C43D023680025BA
:1075E0009B070FD4099BE06898423DDA18003BE006
:1075F00022000123193206990598079EB047431CC3
:1076000030D00135E368099A9B1A9D42F0DBE9E727
:10761000002DA9D0049E28003900EFF767FF039BD7
:10762000013E5B5C280033703900EFF7D9FE051E80
:10763000F1D1082F09D12368DB0706D563682269D9
:10764000934202DC3023013E3370049B9B1B236179
:10765000079B09AA00932100069B0598FFF782FE6D
:10766000431CB3D1012040420BB0F0BD168B010882
:10767000058B0108004870470000C07F0B1E04D036
:10768000FF2A04D98A2303608B3B180070470A70D5
:107690000123FAE7C9B28218904201D10020704755
:1076A00003788B42FBD00130F6E710B5884202D94F
:1076B0008B18984208D300239A4207D0CC5CC4545C
:1076C0000133F9E78B5C8354013AFBD210BDF8B566
:1076D00007000D001600002905D11100FDF76AFE14
:1076E00004002000F8BD002A03D1FDF719FE340084
:1076F000F7E700F012F82C008642F2D9310038008A
:10770000FDF758FE041EECD029003200FDF7F6FD0F
:1077100029003800FDF704FEE3E70B1F1B68181F64
:10772000002B01DA0B58C01870470000F8B5C046AE
:10773000F8BC08BC9E467047F8B5C046F8BC08BC0B
:047740009E467047AA
:1077440080220C4B30B55C69D20222435A61EFF3BC
:10775400108272B64C1CFF34401A0D684550043137
:10776400A142FAD18021490218690842FCD182F36E
:08777400108830BD0020024026
:1077800009870108691E01080000000000000000D0
:1077900080000000FF860108091D010802000000AA
:1077A0000000000040000000F6860108F911010801
:1077B000030000000000000040010000EC8601080A
:1077C000351C01080400000000000000000100005A
:1077D000E8860108C90B0108010000000000000054
:1077E0008001000075870108DD33010803000000F7
:1077F00000000000400000002C89010899360108B3
:1078000003000000000000002C0100001E0000002A
:10781000040000003A89010849410108FEFF000008
:10782000000000002C0100004E6F74205375707032
:107830006F72746564000083040200BBAADDCC0093
:107840002C9101002CD102102CC103102CB104107A
:107850002C41061000000000000000003E890108D5
:10786000094B0108FEFF000000000000640000005A
:10787000E95600082F5700083753000889530008BD
:1078800000000000747B0008447B0008567B000861
:10789000987A0008567B00083A7B0008567B00085F
:1078A000987A0008447B0008447B00083A7B000873
:1078B000987A0008A07A0008A07A0008A07A000848
:1078C0005C7B0008447B0008447B0008187B0008B0
:1078D000FC7B0008187B00083A7B0008187B000836
:1078E000FC7B0008447B0008447B00083A7B0008CE
:1078F000FC7B0008A07A0008A07A0008A07A0008A3
:10790000067C0008F47E0008447E0008447E0008DF
:10791000427E0008E67E0008E67E0008DC7E000865
:10792000427E0008E67E0008DC7E0008E67E000855
:10793000427E0008EC7E0008EC7E0008EC7E000829
:107940007C7F0008F48C0008D68C0008908C00081E
:10795000AE8B0008908C0008C88C0008908C000842
:10796000AE8B0008D68C0008D68C0008C88C0008A6
:10797000AE8B0008A68B0008A68B0008A68B00081B
:107980000C8F000854950008149400081494000803
:10799000109400082C9500082C9500081E950008EE
:1079A000109400082C9500081E9500082C950008DE
:1079B00010940008349500083495000834950008A8
:1079C00038970008000000000000000000000000E0
:1079D00000000000000000000000000000000000A7
:1079E0000000000001000000020000000300000091
:1079F000040000000600000007000000080000006E
:107A0000090000000000000000000000000000006D
:107A10000000000001000000020000000300000060
:107A200004000000000402080010101004101010E0
:107A30000210101008081C3044586C8058524253F1
:107A4000440925750909257525250D0A000925759F
:107A500009093C3125250D0A000925630925750909
:107A600025750925750D0A0049444C450043616C94
:107A70006962726174696F6E20526573756C743AD5
:107A80002025750D0A0020204162732054696D6520
:107A9000202020202020252054696D650D0A2A2AE7
:107AA0002A2A2A2A2A2A2A2A2A2A2A2A2A2A2A2A36
:107AB0002A2A2A2A2A2A2A2A2A2A2A2A2A2A2A2A26
:107AC0002A2A2A2A2A2A0D0A005661726961626CE2
:107AD0006520202020202020202020202020202061
:107AE000202020202056616C75650D0A2A2A2A2A3A
:107AF0002A2A2A2A2A2A2A2A2A2A2A2A2A2A2A2AE6
:107B00002A2A2A2A2A2A2A2A2A2A2A2A2A2A2A2AD5
:107B10002A2A2A2A2A2A2A2A2A2A2A2A0D0A4261B3
:107B2000747465727920566F6C74616765204D437B
:107B30005528562920202020202020252E33660D70
:107B40000A4261747465727920566F6C746167655E
:107B50002052656720285629202020202020252E0D
:107B600033660D0A4368617267696E6720437572F8
:107B700072656E742028412920202020202020209A
:107B800020252E33660D0A4368617267696E67208F
:107B9000506F776572202857292020202020202030
:107BA00020202020252E33660D0A43656C6C204F63
:107BB0006E6520566F6C74616765202856292020F9
:107BC00020202020202020252E33660D0A43656CBE
:107BD0006C2054776F20566F6C746167652028564F
:107BE00029202020202020202020252E33660D0A49
:107BF00043656C6C20546872656520566F6C7461C7
:107C000067652028562920202020202020252E337B
:107C1000660D0A43656C6C20466F757220566F6C5A
:107C200074616765202856292020202020202020EC
:107C3000252E33660D0A322053657269657320560E
:107C40006F6C746167652028562920202020202031
:107C5000202020252E33660D0A3320536572696576
:107C60007320566F6C746167652028562920202088
:107C7000202020202020252E33660D0A3420536535
:107C80007269657320566F6C746167652028562988
:107C9000202020202020202020252E33660D0A4D74
:107CA00043552054656D7065726174757265202846
:107CB00043292020202020202020202025640D0A78
:107CC0004D4355204D61782054656D706572617427
:107CD0007572652028432920202020202025640D4E
:107CE0000A564444612028562920202020202020A4
:107CF0002020202020202020202020202020252E71
:107D000033660D0A5854363020436F6E6E656374C7
:107D100065642020202020202020202020202020DA
:107D20002025750D0A42616C616E636520436F6E9C
:107D30006E656374696F6E205374617465202020D2
:107D4000202025750D0A4E756D626572206F6620C4
:107D500043656C6C732020202020202020202020D0
:107D600020202025750D0A426174746572792052B5
:107D700065717569726573204368617267696E67C2
:107D80002020202025750D0A42616C616E63696EAA
:107D9000672053746174652F4269746D61736B2041
:107DA000202020202025620D0A526567756C6174C1
:107DB0006F7220436F6E6E656374696F6E205374CB
:107DC00061746520202025640D0A4368617267692B
:107DD0006E672053746174652020202020202020AD
:107DE0002020202020202025750D0A4D6178204379
:107DF00068617267652043757272656E7420202019
:107E00002020202020202020252E33660D0A5662B7
:107E1000757320566F6C7461676520285629202081
:107E20002020202020202020202020252E33660DF9
:107E30000A496E7075742043757272656E742028DD
:107E40004129202020202020202020202020252EF5
:107E500033660D0A496E7075742043757272656ED3
:107E600074204C696D69742028412920202020202D
:107E70002025750D0A4D617820496E70757420506B
:107E80006F7765722028572920202020202020206D
:107E9000202025750D0A496E70757420506F776526
:107EA0007220285729202020202020202020202038
:107EB000202020252E33660D0A45666669636965B4
:107EC0006E637920284F7574707574572F496E70E2
:107ED000757457292020252E33660D0A426174746B
:107EE000657279204572726F7220537461746520D7
:107EF00020202020202020202025750D0A005374EA
:107F00006174652020205072696F72697479202035
:107F1000537461636B20202020230D0A2A2A2A2A09
:107F20002A2A2A2A2A2A2A2A2A2A2A2A2A2A2A2AB1
:107F30002A2A2A2A2A2A2A2A2A2A2A2A2A2A2A2AA1
:107F40002A2A2A2A2A2A2A2A2A2A2A2A0D0A0054CE
:107F500075726E696E67206F6E2046616E004F54B9
:107F60005020577269746520526573756C743A209D
:107F700025750D0A0072756E2D74696D652D73740B
:107F8000617473000D0A72756E2D74696D652D73C1
:107F9000746174733A0D0A20446973706C6179736B
:107FA0002061207461626C652073686F77696E6709
:107FB00020686F77206D7563682070726F636573DA
:107FC00073696E672074696D65206561636820461A
:107FD00072656552544F53207461736B20686173EE
:107FE00020757365640D0A007461736B2D73746181
:107FF0007473000D0A7461736B2D73746174733A3A
:108000000D0A20446973706C61797320612074617A
:10801000626C652073686F77696E6720746865208D
:108020007374617465206F662065616368204672B1
:10803000656552544F53207461736B0D0A0074656B
:1080400073745F66616E000D0A746573745F6661B8
:108050006E3A0D0A205475726E73206F6E2074682C
:10806000652066616E0D0A0077726974655F6F74D2
:1080700070000D0A77726974655F6F74703A0D0A4B
:1080800020577269746573207468652063616C6938
:1080900062726174696F6E207363616C61727320C8
:1080A000746F204F545020666C6173682E2057699E
:1080B0006C6C206661696C206966207363616C6119
:1080C0007273206E6F7420736574206F72206F75E9
:1080D00074206F662072616E67652E204D75737413
:1080E0002072756E2063616C2066697273742077EC
:1080F000697468206B6E6F776E206163637572615F
:10810000746520766F6C746167652E2043616E2004
:1081100072756E20757020746F207E333220746902
:108120006D65732E0D0A0063616C000D0A63616C4E
:108130003A0D0A2043616C69627261746573207440
:10814000686520414443206261736564206F6E203E
:1081500061206B6E6F776E20696E70757420766F1C
:108160006C746167652E2045787065637473206F49
:108170006E6520617267756D656E74206173206134
:1081800020666C6F617420696E206D696C69766F12
:108190006C74732E20436F6E6E65637420696E700D
:1081A000757420766F6C7461676520746F206365E9
:1081B0006C6C7320312D3420616E642074686520EE
:1081C000585436302062617474657279206F75740A
:1081D0007075742E0D0A000D0A73746174733A0D74
:1081E0000A20446973706C61797320612074616244
:1081F0006C652073686F77696E672074686520739B
:10820000797374656D2073746174730D0A000000D6
:10821000278101082B8101081907010801000000CE
:108220003E80010847800108D106010800000000D7
:108230006880010872800108F9060108000000004A
:10824000757F0108847F01084106010800000000D5
:108250007E7F0108D78101084D070108000000005A
:10826000E87F0108F37F010889060108000000008B
:10827000496E636F727265637420636F6D6D616EBA
:108280006420706172616D657465722873292E2097
:1082900020456E746572202268656C702220746FB0
:1082A00020766965772061206C697374206F662081
:1082B000617661696C61626C6520636F6D6D616E82
:1082C00064732E0D0A0D0A00436F6D6D616E64209C
:1082D0006E6F74207265636F676E697A65642E20B5
:1082E00020456E746572202768656C702720746F56
:1082F00020766965772061206C697374206F662031
:10830000617661696C61626C6520636F6D6D616E31
:1083100064732E0D0A0D0A0068656C70000D0A6802
:10832000656C703A0D0A204C6973747320616C6C33
:10833000207468652072656769737465726564206E
:10834000636F6D6D616E64730D0A0D0A00000000AD
:10835000188301081D830108ED09010800000000D1
:108360000D0A5374617274696E67204C69506F779F
:108370002E0D0A547970652048656C7020746F204A
:10838000766965772061206C697374206F6620724E
:1083900065676973746572656420636F6D6D616E86
:1083A00064732E0D0A0025734669726D77617265DC
:1083B0002056657273696F6E3A2025752E25750DEE
:1083C0000A0D0A3E000D0A5B507265737320454E1C
:1083D00054455220746F2065786563757465207408
:1083E00068652070726576696F757320636F6D6D57
:1083F000616E6420616761696E5D0D0A3E00496EC1
:10840000707574205265666572656E636520566F7F
:108410006C7461676520696E206D763A20252E3375
:10842000660D0A00414443204368616E6E656C200E
:108430002575206F66667365743A2025750D0A00F0
:10844000414443204368616E6E656C20257520733E
:1084500063616C61723A2025750D0A004F545020FB
:1084600056616C75652025752061742061646472A5
:108470006573733A203078253038780D0A004361EF
:108480006C6962726174696F6E2076616C75657378
:1084900020616C72656164792070726573656E74B9
:1084A0002E20333220746F74616C2063616C6962BA
:1084B000726174696F6E732063616E2062652070F3
:1084C0006572666F726D65642E204E756D626572A1
:1084D000206F662063616C6962726174696F6E738C
:1084E00020706572666F726D65643A2025750D0A9D
:1084F000005573696E672074686573652063616CED
:108500006962726174696F6E2076616C7565733A29
:108510000D0A005363616C61723A20257520205664
:10852000616C75653A2025750D0A004E4F54204345
:10853000414C494252415445442E20436F6E6E6572
:108540006374206B6E6F776E20676F6F6420766F39
:108550006C7461676520746F2063656C6C73203187
:108560002D3420616E64205854363020696E20749A
:1085700068652072616E6765206F6620332E335602
:10858000202D20345620616E642072756E20636148
:108590006C20636F6D6D616E642E0D0A5468656E9C
:1085A000207772697465207468656E20746F206628
:1085B0006C61736820776974682077726974655F8D
:1085C0006F74700D0A004552524F523A2041444395
:1085D000205363616C6172202575204E6F742053A7
:1085E0006574206F72204F7574206F662052616E23
:1085F00067650D0A004552524F523A20436F756C21
:1086000064206E6F7420756E6C6F636B20466C61B6
:1086100073680D0A004F5450204D656D6F727920BC
:1086200056616C75653A2025750D0A004F5054202F
:108630005363616C6172205374617274204164648D
:10864000726573733A203078253038780D0A0057F8
:10865000726974696E67203078253031366C6C78B9
:1086600020746F20616464726573733A20307825DA
:108670003038780D0A004552524F523A20577269ED
:108680007465207363616C61722023257520746F9B
:10869000204F545020466C617368204661696C65B8
:1086A000640D0A004552524F523A20436F756C6474
:1086B000206E6F74206C6F636B20466C6173680D65
:1086C0000A00446964204E6F7420526563656976C0
:1086D0006520616E20414443204E6F746966696372
:1086E0006174696F6E0D0A00434C490072656775CD
:1086F0006C61746F7200726561645F6164630062D3
:108700006C696E6B5F6C65640064656661756C7442
:108710005461736B00000000000000000000F03F97
:10872000000000000000244000000000000059404C
:108730000000000000408F40000000000088C3409F
:1087400000000000006AF8400000000080842E4114
:1087500000000000D01263410000000084D7974160
:108760000000000065CDCD41486172646661756CA2
:1087700074210D0A0075736270645F757365725FB2
:10878000617070004E756D626572206F6620726553
:1087900063656976656420536F7572636520504424
:1087A0004F733A2025640D0A0050444F2046726FE3
:1087B0006D20536F757263653A2023256420504401
:1087C0004F3A20256420200055534250445F434FC8
:1087D00052455F50444F5F545950455F564152498E
:1087E00041424C45200055534250445F434F52454F
:1087F0005F50444F5F545950455F42415454455275
:10880000592000566F6C746167653A2025646D5677
:10881000202043757272656E743A2025646D412084
:1088200020506F7765723A2025646D570D0A005607
:108830006F6C74616765206D6174636820666F7525
:108840006E643A2025640D0A005265717565737473
:10885000696E67202564562C20526573756C743AD6
:10886000200057616974696E6720666F7220696EB7
:1088700070757420766F6C7461676520746F206208
:10888000652072656164790D0A00537563636573D1
:10889000730D0A0052657175657374696E672035D2
:1088A000562C20526573756C743A20000937010804
:1088B0005D360108353C0108E13B01083D3C0108FB
:1088C000413C010800000000ED3C0108653E010844
:1088D000A13F01084D4501089940010841360108B2
:1088E000000000000000000000000000FD40010842
:1088F0001941010801000000020000000200000010
:1089000002000000358901087536010802000000E8
:1089100000000000C8000000308901087536010819
:108920000200000000000000C800000043414400B5
:1089300050455F310050455F300044504D00534179
:1089400046450000F54B0108594D0108894D0108C5
:10895000C94D0108F54D010851510108A150010808
:108960000D500108D54F010800000000A14E01087C
:108970009D4F0108D94E01082D4E01084D4F0108A9
:108980000000000000000000850C00006E66006919
:108990006E6974790000000035000000CEFBFFFF17
:1089A000CB030000010000000000000034000000C4
:1089B000CEFBFFFFCB030000010000000000000021
:1089C000BC89D897B2D29C3C33A7A8D523F64939A5
:1089D0003DA7F444FD0FA5329D978CCF08BA5B25C7
:1089E000436FAC64280668114300504F5349580048
:1089F0002E000000000000000080E03779C34143F2
:108A0000176E05B5B5B89346F5F93FE9034F384DF4
:108A1000321D30F94877825A3CBF737FDD4F1575A0
:108A2000000000000000F03F0000000000002440B3
:108A300000000000000059400000000000408F408E
:108A4000000000000088C34000000000006AF840F9
:108A50000000000080842E4100000000D01263411D
:108A60000000000084D797410000000065CDCD4193
:108A7000000000205FA00242000000E87648374274
:108A8000000000A2941A6D42000040E59C30A24212
:108A90000000901EC4BCD64200003426F56B0C4387
:108AA0000080E03779C3414300A0D885573476432E
:108AB00000C84E676DC1AB43003D9160E458E1438F
:108AC000408CB5781DAF154450EFE2D6E41A4B4404
:108AD00092D54D06CFF08044F64AE1C7022DB54449
:108AE000B49DD9794378EA440500000019000000DC
:108AF0007D000000232D302B2000686C4C00656643
:108B000067454647003031323334353637383941DE
:108B100042434445460030313233343536373839F4
:108B200061626364656600002020202020202020F0
:108B3000202828282828202020202020202020200D
:108B4000202020202020202088101010101010102D
:108B50001010101010101010040404040404040475
:108B60000404101010101010104141414141410106
:108B700001010101010101010101010101010101E5
:108B800001010110101010101042424242424202F4
:108B900002020202020202020202020202020202B5
:108BA000020202101010102000000000000000005F
:108BB00000000000000000000000000000000000B5
:108BC00000000000000000000000000000000000A5
:108BD0000000000000000000000000000000000095
:108BE0000000000000000000000000000000000085
:108BF0000000000000000000000000000000000075
:108C00000000000000000000000000000000000064
:108C10000000000000000000000000000000000054
:088C200000000000000000004C
:088C280040ECFE7F010000009A
:048C3000E90000084F
:048C3400C100000873
:108C38000024F4000100000004000000AAAAAAAA67
:108C4800140000205083010800000000204E983ACC
:108C5800E02E28238813204E983AE02E28238813E4
:108C6800204E983AE02E28238813000007000000C1
:108C7800428328282C00000005000000881300000B
:108C8800F0550000A00F0000190000006E00000061
:108C980083040200030000F001020000000000004D
:108CA80000000000000000648304020041726B2091
:108CB800456C656374726F6E696373000000000031
:108CC8000000000000000000F4910122F4D102002D
:108CD800F4B104003C2176C0000000000000000050
:108CE8000000000005040400AAAA00008304AAAA40
:108CF800AAAA290119000000CC00002000000000E9
:108D0800000000000000000000000000000000005B
:108D1800000000000000000000000000000000004B
:108D2800000000000000000000000000000000003B
:108D3800000000000000000000000000000000002B
:108D4800000000000000000000000000000000001B
:108D580000000000000000000000000043000000C8
:108D680000000000000000000000000000000000FB
:108D780000000000000000000000000043000000A8
:108D880000000000000000000000000000000000DB
:108D98000000000000000000000000004300000088
:108DA80000000000000000000000000000000000BB
:108DB8000000000000000000000000004300000068
:108DC800000000000000000000000000000000009B
:108DD8000000000000000000000000004300000048
:108DE800000000000000000000000000000000007B
:108DF8000000000000000000000000004300000028
:108E0800000000000000000000000000000000005A
:108E18000000000000000000000000004300000007
:108E2800000000000000000000000000000000003A
:108E38000000000000000000000000007D7601082E
:108E48006F68010800000000278B0108F0890108FD
:108E5800C7820108C7820108C7820108C7820108C2
:108E6800C7820108C7820108C7820108C7820108B2
:108E7800C7820108FFFFFFFFFFFFFFFFFFFFFFFFA4
:108E8800FFFF000001004153434949000000000072
:108E980000000000000000000000000000000000CA
:108EA8000000000000004153434949000000000051
:108EB80000000000000000000000000000000000AA
:088EC8000000000000000000A2
:04000005080151EDB0
:00000001FF
